-- MariaDB dump 10.19  Distrib 10.5.9-MariaDB, for debian-linux-gnu (x86_64)
--
-- Host: localhost    Database: preguntastest
-- ------------------------------------------------------
-- Server version	10.5.9-MariaDB-1:10.5.9+maria~focal

/*!40101 SET @OLD_CHARACTER_SET_CLIENT=@@CHARACTER_SET_CLIENT */;
/*!40101 SET @OLD_CHARACTER_SET_RESULTS=@@CHARACTER_SET_RESULTS */;
/*!40101 SET @OLD_COLLATION_CONNECTION=@@COLLATION_CONNECTION */;
/*!40101 SET NAMES utf8mb4 */;
/*!40103 SET @OLD_TIME_ZONE=@@TIME_ZONE */;
/*!40103 SET TIME_ZONE='+00:00' */;
/*!40014 SET @OLD_UNIQUE_CHECKS=@@UNIQUE_CHECKS, UNIQUE_CHECKS=0 */;
/*!40014 SET @OLD_FOREIGN_KEY_CHECKS=@@FOREIGN_KEY_CHECKS, FOREIGN_KEY_CHECKS=0 */;
/*!40101 SET @OLD_SQL_MODE=@@SQL_MODE, SQL_MODE='NO_AUTO_VALUE_ON_ZERO' */;
/*!40111 SET @OLD_SQL_NOTES=@@SQL_NOTES, SQL_NOTES=0 */;

--
-- Table structure for table `categorias`
--

DROP TABLE IF EXISTS `categorias`;
/*!40101 SET @saved_cs_client     = @@character_set_client */;
/*!40101 SET character_set_client = utf8 */;
CREATE TABLE `categorias` (
  `codigo` char(3) NOT NULL,
  `nombre` varchar(30) NOT NULL,
  PRIMARY KEY (`codigo`),
  UNIQUE KEY `uk_nombre` (`nombre`)
) ENGINE=InnoDB DEFAULT CHARSET=utf8;
/*!40101 SET character_set_client = @saved_cs_client */;

--
-- Dumping data for table `categorias`
--

LOCK TABLES `categorias` WRITE;
/*!40000 ALTER TABLE `categorias` DISABLE KEYS */;
INSERT INTO `categorias` VALUES ('ART','Arte y cultura'),('CIE','Ciencias'),('DEP','Deportes'),('ECO','Economía'),('FIL','Filosofía'),('GEO','Geografía'),('LIN','GNU/Linux'),('HIS','Historia'),('ING','Inglés'),('LYL','Lengua y literatura'),('MAT','Matemáticas'),('MUS','Música'),('OTR','Otros'),('PRO','Programación'),('QUI','Química'),('SER','Series TV');
/*!40000 ALTER TABLE `categorias` ENABLE KEYS */;
UNLOCK TABLES;

--
-- Table structure for table `preguntas`
--

DROP TABLE IF EXISTS `preguntas`;
/*!40101 SET @saved_cs_client     = @@character_set_client */;
/*!40101 SET character_set_client = utf8 */;
CREATE TABLE `preguntas` (
  `id` int(11) NOT NULL AUTO_INCREMENT,
  `enunciado` text NOT NULL,
  `categoria` char(3) DEFAULT NULL,
  `nivel` tinyint(4) DEFAULT 1,
  `foto` varchar(200) DEFAULT NULL,
  `veces_formulada` int(11) DEFAULT 0,
  `veces_acertada` int(11) DEFAULT 0,
  PRIMARY KEY (`id`),
  KEY `fk_pregunta_categoria` (`categoria`),
  CONSTRAINT `preguntas_categorias_FK` FOREIGN KEY (`categoria`) REFERENCES `categorias` (`codigo`)
) ENGINE=InnoDB AUTO_INCREMENT=541 DEFAULT CHARSET=utf8;
/*!40101 SET character_set_client = @saved_cs_client */;

--
-- Dumping data for table `preguntas`
--

LOCK TABLES `preguntas` WRITE;
/*!40000 ALTER TABLE `preguntas` DISABLE KEYS */;
INSERT INTO `preguntas` VALUES (1,'El oligopolio colusivo:','ECO',1,NULL,0,0),(2,'Las empresas de un mercado de competencia monopolística:','ECO',1,NULL,0,0),(3,'La siguiente expresión: “Una empresa puede estar en equilibrio aunque tenga pérdidas”, es:','ECO',1,NULL,0,0),(4,'El desempleo cíclico:','ECO',1,NULL,0,0),(5,'El monopolio:','ECO',1,NULL,0,0),(6,'Los datos de la Encuesta de Población Activa:','ECO',1,NULL,0,0),(7,'La suma de la tasa de desempleo y la de empleo:','ECO',1,NULL,0,0),(8,'Forman la población activa:','ECO',1,NULL,0,0),(9,'El Producto Interior Neto (PIN):','ECO',1,NULL,0,0),(10,'Una de las siguientes metas no es un objetivo macroeconómico:','ECO',1,NULL,0,0),(11,'Uno de los siguientes problemas no puede ser considerado como una cuestión macroeconómica:','ECO',1,NULL,0,0),(12,'El PNB se diferencia del PNN en que el primero de ellos incluye:','ECO',1,NULL,0,0),(13,'El PIB a precios de los factores:','ECO',1,NULL,0,0),(14,'El PIB real:','ECO',1,NULL,0,0),(15,'Si el PIB real de un país es 110 y su PIB nominal es 112:','ECO',1,NULL,0,0),(16,'Una de las siguientes funciones no se le asigna al Estado en una economía mixta:','ECO',1,NULL,0,0),(17,'Una de las siguientes políticas no puede considerarse coyuntural:','ECO',1,NULL,0,0),(18,'Los problemas medioambientales producidos por las actividades económicas:','ECO',1,NULL,0,0),(19,'Uno de los siguientes gastos puede considerarse que no construye el Estado de bienestar:','ECO',1,NULL,0,0),(20,'El consumo de una familia:','ECO',1,NULL,0,0),(21,'El volumen de inversión aumenta cuando:','ECO',1,NULL,0,0),(22,'La inversión:','ECO',1,NULL,0,0),(23,'Una política fiscal expansiva:','ECO',1,NULL,0,0),(24,'Con un impuesto progresivo:','ECO',1,NULL,0,0),(25,'La política fiscal:','ECO',1,NULL,0,0),(26,'El déficit público:','ECO',1,NULL,0,0),(27,'Una política fiscal contractiva se aplicará:','ECO',1,NULL,0,0),(28,'El multiplicador de la inversión (o gasto público) es mayor cuando:','ECO',1,NULL,0,0),(29,'Un aumento de la tasa impositiva:','ECO',1,NULL,0,0),(30,'Hay efecto multiplicador cuando aumenta el gasto público porque:','ECO',1,NULL,0,0),(31,'Una política fiscal es eficaz:','ECO',1,NULL,0,0),(32,'Un aumento de la tasa impositiva:','ECO',1,NULL,0,0),(33,'Las tarjetas de débito:','ECO',1,NULL,0,0),(34,'Una de las siguientes respuestas no es una función del dinero:','ECO',1,NULL,0,0),(35,'Los tipos de interés que cobran los bancos y cajas de ahorros son:','ECO',1,NULL,0,0),(36,'Un descenso de los tipos de interés afecta al equilibrio macroeconómico:','ECO',1,NULL,0,0),(37,'El Euribor depende del:','ECO',1,NULL,0,0),(38,'Cuando los Bancos Centrales venden Deuda Pública, la oferta monetaria:','ECO',1,NULL,0,0),(39,'Los Intermediarios Financieros bancarios son:','ECO',1,NULL,0,0),(40,'Una de las siguientes metas no es un objetivo macroeconómico:','ECO',1,NULL,0,0),(41,'Entre las características de los Activos Financieros, encontramos:','ECO',1,NULL,0,0),(42,'Respecto a los Tipos de Interés y la Bolsa','ECO',1,NULL,0,0),(43,'El PIB a precios de los  factores:','ECO',1,NULL,0,0),(44,'El Producto Interior Neto (PIN):','ECO',1,NULL,0,0),(45,'No es considerado como una cuestión macroeconómica:','ECO',1,NULL,0,0),(46,'El PIB real:','ECO',1,NULL,0,0),(47,'Si el Euro entrase en un proceso continuo de depreciación','ECO',1,NULL,0,0),(48,'Son factores que influyen en la apreciación o depreciación de una moneda,','ECO',1,NULL,0,0),(49,'La falta de competencia:','ECO',1,NULL,0,0),(50,'Una de las siguientes funciones no se le asigna al Estado en una economía mixta:','ECO',1,NULL,0,0),(51,'Uno de los siguientes bienes puede considerarse un bien público puro:','ECO',1,NULL,0,0),(52,'Una de las siguientes políticas no puede considerarse coyuntural:','ECO',1,NULL,0,0),(53,'Una economía pura de mercado:','ECO',1,NULL,0,0),(54,'¿Qué rey español decretó la expulsión de los moriscos en el año 1609?','HIS',1,NULL,0,0),(55,'¿En qué año pisó el hombre por primera vez la superficie lunar?','HIS',1,NULL,0,0),(56,'Los avances tecnológicos:','ECO',1,NULL,0,0),(57,'¿Qué rey bárbaro saqueó Roma en el año 455 d.C.?','HIS',1,NULL,0,0),(58,'¿Frente a qué tropas se enfrentó la coalición cristiana comandada por Don Juan de Austria en la batalla de Lepanto?','HIS',1,NULL,0,0),(59,'¿Cómo fue destronado el rey visigodo Wamba?','HIS',1,NULL,0,0),(60,'¿Cómo se llamaba el primer avión que arrojó una bomba atómica?','HIS',1,NULL,0,0),(61,'Los visigodos abandonaron la fe arriana y se convirtieron al catolicismo gracias a la acción del rey:','HIS',1,NULL,0,0),(62,'Gonzalo Fernández de Córdoba ha pasado a la historia con el sobrenombre de:','HIS',1,NULL,0,0),(63,'En el conocido como desastre de Annual del año 1921, las tropas españolas fueron derrotadas por los soldados de:','HIS',1,NULL,0,0),(64,'Se considera que el primer desembarco aeronaval de la historia fue el de:','HIS',1,NULL,0,0),(65,'El rey visigodo Eurico invadió la Hispania romana y conquistó Tarraco en el año:','HIS',1,NULL,0,0),(66,'¿Cómo perdió España sus últimas posesiones en Oceanía (las islas Marianas, Carolinas y Palaos)?','HIS',1,NULL,0,0),(67,'¿Qué acontecimiento desencadenó la entrada de los EE.UU en la guerra hispano-cubana del 98?','HIS',1,NULL,0,0),(68,'En Aristóteles, El Ser Puede definirse:','FIL',1,NULL,0,0),(69,'Para Aristóteles, los conceptos Acto y Potencia:','FIL',1,NULL,0,0),(70,'Para Aristóteles, el concepto Logos:','FIL',1,NULL,0,0),(71,'En su obra “Metafísica”, Aristóteles:','FIL',1,NULL,0,0),(72,'Entre las obras de Aristóteles, podemos citar:','FIL',1,NULL,0,0),(73,'¿En qué época nació Aristóteles?','FIL',1,NULL,0,0),(74,'¿De quién fue alumno Aristóteles?','FIL',1,NULL,0,0),(75,'Aristóteles nació en:','FIL',1,NULL,0,0),(76,'Tres obras importantes de Platón son:','FIL',1,NULL,0,0),(77,'Platón introduce el mito de Fedro y La Caverna en sus obras para:','FIL',1,NULL,0,0),(78,'Las obras de Platón:','FIL',1,NULL,0,0),(79,'El estilo literario de las obras de Platón son:','FIL',1,NULL,0,0),(80,'Platón fue alumno de:','FIL',1,NULL,0,0),(81,'Platón fundó una escuela filosófica que se llamó:','FIL',1,NULL,0,0),(82,'Sócrates nació y murió en los años:','FIL',1,NULL,0,0),(83,'¿Quién dio la definición más antigua de la filosofía?','FIL',1,NULL,0,0),(84,'Filósofo y matemático griego que afirmaba que la estructura del universo era aritmética y geométrica:','FIL',1,NULL,0,0),(85,'Sócrates fue condenado a ingerir cicuta por:','FIL',1,NULL,0,0),(86,'Es filosofía cuando aborda el problema del ser; es una teoria del ser:','FIL',1,NULL,0,0),(87,'¿Quién fue el primer filósofo que afirmó que la tierra era esférica?','FIL',1,NULL,0,0),(88,'En la filosofía no basta con creer u opinar, es necesario:','FIL',1,NULL,0,0),(89,'La filosofía se presenta como _________ al momento de centrar su atención en la ciencia, para analizar y evaluar su estructura, su modo de producir hipótesis y teorías:','FIL',1,NULL,0,0),(90,'Tanto Platón como Aristóteles señalaban que el ser humano no puede vivir más que en sociedad porque es un “zoon politikon” que quiere decir:','FIL',1,NULL,0,0),(91,'Filósofo que define a Dios como pensamiento que se piensa en si mismo:','FIL',1,NULL,0,0),(92,'El término “filosofía”, significa:','FIL',1,NULL,0,0),(93,'Filósofo que define la filosofía así: “lo que en un principio movió a los hombres a hacer las primeras indagaciones filosóficas fue, como lo que es hoy, la admiración”.','FIL',1,NULL,0,0),(94,'Filósofo que propuso un sistema geocéntrico en el que la tierra era el centro del universo, mientras el sol y otros planetas giraban a su alrededor:','FIL',1,NULL,0,0),(95,'¿Cuál es la finalidad de la filosofía como conocimiento de la realidad?','FIL',1,NULL,0,0),(96,'Método que  utiliza la ironía. La cual presenta una serie de preguntas al interlocutor para confundirlo, hacerlo caer en contradicción y hacerlo caer en su ignorancia:','FIL',1,NULL,0,0),(97,'A  los procedimientos para analizar la realidad que se aplica a múltiples campos de estudio, entre ellos la filosofía, se les conoce como:','FIL',1,NULL,0,0),(98,'Filósofo que escribió sobre formas de gobierno, la herencia del medio ambiente en la personalidad y la dicotomía entre el saber y la opinión:','FIL',1,NULL,0,0),(99,'Método que entiende la crítica como el proceso por el cual la razón se vuelve sobre sí misma para conocer sus propios límites y las condiciones en que funda su propia validez:','FIL',1,NULL,0,0),(100,'Método de René Descartes que propone la búsqueda de la verdad, la duda metódica:','FIL',1,NULL,0,0),(101,'¿Cuál es la teoría filosófica que se centra en el estudio de los fenómenos, de los que percibimos con los sentidos?','FIL',1,NULL,0,0),(102,'¿Qué método fue desarrollado por Edmund Husserl, el cual toma como punto de partida la duda metódica cartesiana, la duda que revela al propio “yo” que duda?:','FIL',1,NULL,0,0),(103,'¿Cuál es la parte de la metafísica que trata del ser en general y de sus propiedades trascendentales? :','FIL',1,NULL,0,0),(104,'El método _____________ significa interpretación. Hace referencia al arte o técnica de interpretar textos para fijar su verdadero sentido:','FIL',1,NULL,0,0),(105,'Es la demostración de la auto contradicción textual, una demostración que se apoya en el supuesto de una incompatibilidad en lo que el escritor cree y lo que el texto dice realmente:','FIL',1,NULL,0,0),(106,'Filósofo que considera la dialéctica como un modelo según el cual debe constituirse el conocimiento correcto:','FIL',1,NULL,0,0),(107,'Filósofo que considera que la dialéctica es el pensamiento para comprender y mostrar a través de conceptos, el movimiento que realiza la historia de la humanidad:','FIL',1,NULL,0,0),(108,'Filósofo que considera que la dialéctica es un saber previo y más fundamental que la ciencia:','FIL',1,NULL,0,0),(109,'Método que propone tres fases: el análisis socio histórico, el análisis discursivo y la interpretación:','FIL',1,NULL,0,0),(110,'Filósofo que considera que la dialéctica es materialista porque pone a la praxis, del actuar humano-social como la actividad que transforma y produce efectivamente lo real que convierte la realidad natural en realidad humana:','FIL',1,NULL,0,0),(111,'¿Qué significa conocimiento adquirido a través de la experiencia? :','FIL',1,NULL,0,0),(112,'¿Qué significa que esta más allá de los límites de cualquier conocimiento posible?:','FIL',1,NULL,0,0),(113,'Método que supone que sólo tiene sentido hablar de aquello que puede ser observado y que por lo tanto solamente tienen sentido o significan los enunciados que pueden ser contrastados empíricamente:','FIL',1,NULL,0,0),(114,'La palabra epistemología proviene del griego episteme que significa:','FIL',1,NULL,0,0),(115,'¿Qué campo estudia la reflexión que busca determinar el ser de los entes, es decir, lo que los hace posibles?:','FIL',1,NULL,0,0),(116,'¿Qué se refiere al análisis de las tres formas del pensamiento: concepto, juicio y razonamiento? :','FIL',1,NULL,0,0),(117,'Cuando se presentan razones a favor o en contra de un juicio se habla de:','FIL',1,NULL,0,0),(118,'Estudia el comportamiento moral de los seres humanos y los fundamentos que se consideran bueno o moralmente correcto:','FIL',1,NULL,0,0),(119,'Se aboca especialmente al estudio de la relación  que establece los seres humanos con sus deidades, los valores que se le  son propio y el de los fines o consecuencias de sus prácticas.','FIL',1,NULL,0,0),(120,'Investiga el desarrollo el cambio del conocimiento científico y de la práctica científica y su relación con la realidad:','FIL',1,NULL,0,0),(121,'Según Marx, ¿cuál es la principal razón por la que la clase obrera sufre un proceso de alienación?','FIL',1,NULL,0,0),(122,'Centra su atención en las costumbres, tradiciones, hábitos y expresiones artísticas, religiosas, morales, jurídicas entre otras en su unidad como un todo de los diversos pueblos:','FIL',1,NULL,0,0),(123,'Significa razonamiento lógico que deriva de dos premisas:','FIL',1,NULL,0,0),(124,'Fue el principal exponente de la corriente del pensamiento empírico:','FIL',1,NULL,0,0),(125,'El aporte______________ a la gnoseología moderna es la aplicación del razonamiento matemático al análisis de la realidad material, de las matemáticas como garantía de verdad y validez lógica:','FIL',1,NULL,0,0),(126,'Considera los sentidos como las herramientas adecuadas para adquirir conocimientos se niega la intuición intelectual aceptando solo la intuición sensible:','FIL',1,NULL,0,0),(127,'Según Hume pensar significa:','FIL',1,NULL,0,0),(128,'¿Quién es el padre de la filosofía occidental?','FIL',1,NULL,0,0),(129,'En el mito de la caverna de Platón, las cadenas representan:','FIL',1,NULL,0,0),(130,'Platón hace la distinción de dos mundos en:','FIL',1,NULL,0,0),(131,'Para Marx, ¿Cuál es el objetivo prioritario de la filosofía?','FIL',1,NULL,0,0),(132,'Para Platón el conocimiento debe ir:','FIL',1,NULL,0,0),(133,'Según Platón, ¿Cuál es la primera de las ideas?','FIL',1,NULL,0,0),(134,'Para Platón la polis será justa si:','FIL',1,NULL,0,0),(135,'Para Platón, el gobierno más apropiado para que se dé la justicia en el Estado es:','FIL',1,NULL,0,0),(136,'La teoría hilemórfica dice que…','FIL',1,NULL,0,0),(137,'Aristóteles define una realidad…','FIL',1,NULL,0,0),(138,'Aristóteles afirma que el ser es:','FIL',1,NULL,0,0),(139,'Según Aristóteles el primer motor inmóvil es:','FIL',1,NULL,0,0),(140,'La concepción aristotélica de la realidad es:','FIL',1,NULL,0,0),(141,'Todo movimiento está motivado por una causa, y en la producción de cualquier ser intervienen:','FIL',1,NULL,0,0),(142,'Aristóteles propone una epistemología capaz de:','FIL',1,NULL,0,0),(143,'Aristóteles distingue cuatro niveles de conocimiento:','FIL',1,NULL,0,0),(144,'Para Aristóteles el fin último del ser humano es:','FIL',1,NULL,0,0),(145,'Aristóteles diferenció tres tipos de alma:','FIL',1,NULL,0,0),(146,'¿Quién afirmó que el ser humano es social por naturaleza?','FIL',1,NULL,0,0),(147,'Según Aristóteles las virtudes se alcanzan:','FIL',1,NULL,0,0),(148,'Para Kant, ¿cuáles son las condiciones de posibilidad de existencia de todos los fenómenos?:','FIL',1,NULL,0,0),(149,'¿Quién es el último de los filósofos antiguos?','FIL',1,NULL,0,0),(150,'¿Cuál de las siguientes afirmaciones sobre los juicios analíticos no es correcto?','FIL',1,NULL,0,0),(151,'Según San Agustín el libre albedrio…','FIL',1,NULL,0,0),(152,'Según Santo Tomás, la verdad:','FIL',1,NULL,0,0),(153,'Para Santo Tomás, Dios rige el mundo mediante:','FIL',1,NULL,0,0),(154,'El método que propone Descartes deberá cumplir con cuatro reglas:','FIL',1,NULL,0,0),(155,'¿En qué consiste la duda metódica?','FIL',1,NULL,0,0),(156,'Descartes plantea las siguientes razones para dudar:','FIL',1,NULL,0,0),(157,'¿Quién hizo la siguiente afirmación: “Pienso luego existo”?','FIL',1,NULL,0,0),(158,'Descartes investiga el origen de las ideas y las diferencia en:','FIL',1,NULL,0,0),(159,'¿Qué utiliza Descartes para demostrar la existencia de Dios?','FIL',1,NULL,0,0),(160,'La unión del cuerpo y el alma se encuentra según Descartes en:','FIL',1,NULL,0,0),(161,'Para Descartes, en el ser humano:','FIL',1,NULL,0,0),(162,'Para Descartes, las pasiones deben ser sometidas a la razón por medio de','FIL',1,NULL,0,0),(163,'Hume hace una distinción de las percepciones en:','FIL',1,NULL,0,0),(164,'¿Cuál de los siguientes filósofos es empirista?','FIL',1,NULL,0,0),(165,'¿En qué consiste el criterio de validez del conocimiento de Hume?','FIL',1,NULL,0,0),(166,'Para Kant son válidos los juicios:','FIL',1,NULL,0,0),(167,'Según Hume, establecemos relaciones entre los fenómenos por:','FIL',1,NULL,0,0),(168,'¿Quién escribió “La crítica de la razón pura”?','FIL',1,NULL,0,0),(169,'Para Kant, ¿cuáles son los postulados de la razón práctica?','FIL',1,NULL,0,0),(170,'¿Quien afirma la muerte de Dios?','FIL',1,NULL,0,0),(171,'El imperativo categórico es uno de los elementos centrales de la ética de:','FIL',1,NULL,0,0),(172,'Para Marx el auténtico conocimiento es:','FIL',1,NULL,0,0),(173,'¿Qué significa el concepto de eterno retorno propuesto por Nietzsche?','FIL',1,NULL,0,0),(174,'¿Cuál era la ciencia social por la que más se sentía atraído Ortega y Gasset?','FIL',1,NULL,0,0),(175,'¿Qué dice la teoría de la reminiscencia de Platón?','FIL',1,NULL,0,0),(176,'¿Dentro de que corriente filosófica puede englobarse a Ortega y Gasset?','FIL',1,NULL,0,0),(177,'Platón nació en:','FIL',1,NULL,0,0),(178,'Según Aristóteles, la polis o Estado es anterior a los individuos y a los demás niveles de asociación humana, pues es la forma más perfecta de comunidad y sólo en ella puede el ser humano alcanzar su _________ llevando una vida adecuada a la ________.','FIL',1,NULL,0,0),(179,'¿En qué época nació Platón?','FIL',1,NULL,0,0),(180,'“Cartas Marruecas” es una obra de:','LYL',1,NULL,0,0),(181,'Gaspar Melchor de Jovellanos vivió entre los años:','LYL',1,NULL,0,0),(182,'La Real Academia Española es fundada en el año:','LYL',1,NULL,0,0),(183,'La Real Academia Española es fundada por:','LYL',1,NULL,0,0),(184,'“Los Pazos de Ulloa” es una obra escrita por:','LYL',1,NULL,0,0),(185,'¿Cuál de los siguientes no es un autor realista español?','LYL',1,NULL,0,0),(186,'Leopoldo Alas Clarín fue el autor de:','LYL',1,NULL,0,0),(187,'La obra “Guerra y Paz” se le atribuye a:','LYL',1,NULL,0,0),(188,'Los principios teóricos del naturalismo literario fueron expuestos por:','LYL',1,NULL,0,0),(189,'“El trovador” es una obra de:','LYL',1,NULL,0,0),(190,'“Don Juan Tenorio” es una obra de:','LYL',1,NULL,0,0),(191,'Rosalía de Castro fue autora de novelas de estilo:','LYL',1,NULL,0,0),(192,'Gustavo Adolfo Bécquer vivió y murió entre los años:','LYL',1,NULL,0,0),(193,'Grandes temas del romanticismo literario:','LYL',1,NULL,0,0),(194,'¿Qué obra literaria introdujo el romanticismo en España?','LYL',1,NULL,0,0),(195,'El romanticismo literario surge en:','LYL',1,NULL,0,0),(196,'El romanticismo literario surge en el siglo:','LYL',1,NULL,0,0),(197,'Dos aspectos fundamentales de la concepción romántica son:','LYL',1,NULL,0,0),(198,'La obra ”El sí de las niñas”, está escrita en:','LYL',1,NULL,0,0),(199,'La obra “El sí de las niñas” tiene como temas fundamentales:','LYL',1,NULL,0,0),(200,'La técnica esperpéntica se inicia con la obra:','LYL',1,NULL,0,0),(201,'Obra más relevante de Leandro Fernández de Moratín:','LYL',1,NULL,0,0),(202,'Ramón Valle-Inclán destaca por ser:','LYL',1,NULL,0,0),(203,'Pío Baroja pertenece a la generación:','LYL',1,NULL,0,0),(204,'Antonio Machado se dedicó principalmente a:','LYL',1,NULL,0,0),(205,'Ramiro de Maeztu destacó principalmente por:','LYL',1,NULL,0,0),(206,'“Don Quijote, Don Juan y la Celestina” es una obra de:','LYL',1,NULL,0,0),(207,'“San Manuel bueno, mártir” es una novela de:','LYL',1,NULL,0,0),(208,'Quién es el autor de la obra literaria “Azul”?','LYL',1,NULL,0,0),(209,'¿De dónde es Rubén Darío?','LYL',1,NULL,0,0),(210,'¿Cómo murió Federico García Lorca?','LYL',1,NULL,0,0),(211,'“Miau”, de Benito Pérez Galdós, es una novela:','LYL',1,NULL,0,0),(212,'Rubén Darío es la figura clave del:','LYL',1,NULL,0,0),(213,'¿Cuál de las siguientes obras es de Camilo José Cela?','LYL',1,NULL,0,0),(214,'Federico García Lorca nació y murió entre los años:','LYL',1,NULL,0,0),(215,'“Los intereses creados” es una obra de:','LYL',1,NULL,0,0),(216,'La obra “El marqués de Bradomín” de Valle-Inclán, dramatiza el tema de:','LYL',1,NULL,0,0),(217,'La producción poética de Dámaso Alonso inicia con:','LYL',1,NULL,0,0),(218,'Principales movimientos de la vanguardia Europea:','LYL',1,NULL,0,0),(219,'La figura clave de la vanguardia española fue:','LYL',1,NULL,0,0),(220,'El género preponderante de la generación del 14 fue:','LYL',1,NULL,1,0),(221,'Ortega y Gasset pertenece a:','LYL',1,NULL,0,0),(222,'La generación del 14 es también conocida como:','LYL',1,NULL,0,0),(223,'La novela testimonial consiste en:','LYL',1,NULL,0,0),(224,'El autor de “Cien años de soledad” es:','LYL',1,NULL,0,0),(225,'Qué novela narra la historia de Juan Preciado?','LYL',1,NULL,0,0),(226,'Miguel Ángel Asturias era de origen:','LYL',1,NULL,0,0),(227,'La novela hispanoamericana de los años 60 es también conocida como:','LYL',1,NULL,0,0),(228,'¿Cuál de los siguientes autores fue Premio Nobel de literatura en 2010?','LYL',1,NULL,0,0),(229,'En la narrativa hispanoamericana, los años 40 del siglo XX fueron de:','LYL',1,NULL,0,0),(230,'EL realismo mágico es un elemento de:','LYL',1,NULL,0,0),(231,'“Los novísimos” eran:','LYL',1,NULL,0,0),(232,'La poesía arraigada y desarraigada pertenecen a la década de:','LYL',1,NULL,0,0),(233,'En la poesía de los años 50 tuvo gran influencia:','LYL',1,NULL,0,0),(234,'Los rasgos de la Generación del 36 se caracterizan por:','LYL',1,NULL,0,0),(235,'Uno de los dramaturgos más representativos del teatro en la década de los 60-70 es:','LYL',1,NULL,0,0),(236,'Quién escribió el libro “La casa de Bernarda Alba”?','LYL',1,NULL,0,0),(237,'“Tres sombreros de copa” es una obra de:','LYL',1,NULL,0,0),(238,'Definición de onomatopeya:','LYL',1,NULL,0,0),(239,'¿De qué se constituye una palabra derivada?','LYL',1,NULL,0,0),(240,'¿Qué es el complemento indirecto?','LYL',1,NULL,0,0),(241,'¿Qué es el sujeto omitido?','LYL',1,NULL,0,0),(242,'¿Qué es el sintagma adjetival?','LYL',1,NULL,0,0),(243,'¿Qué es el sintagma nominal?','LYL',1,NULL,0,0),(244,'¿Qué tipos de oración gramatical existen?','LYL',1,NULL,0,0),(245,'¿Qué es una oración dubitativa?','LYL',1,NULL,0,0),(246,'¿Qué es la isotopía?','LYL',1,NULL,0,0),(247,'¿Qué se entiende por elipsis?','LYL',1,NULL,0,0),(248,'¿Qué es la deixis?','LYL',1,NULL,0,0),(249,'¿Cuáles son las partes constitutivas más importantes de un texto?','LYL',1,NULL,0,0),(250,'El texto según su modalidad se puede clasificar en:','LYL',1,NULL,0,0),(251,'¿Qué significa que una palabra es antónima?','LYL',1,NULL,0,0),(252,'¿Qué es una palabra homónima?','LYL',1,NULL,0,0),(253,'¿Qué es la denotación?','LYL',1,NULL,0,0),(254,'¿Qué son los neologismos?','LYL',1,NULL,0,0),(255,'Las palabras según su formación se dividen en:','LYL',1,NULL,0,0),(256,'Tipos de estructura de los textos científicos:','LYL',1,NULL,0,0),(257,'¿Qué son los marcadores o conectores textuales?','LYL',1,NULL,0,0),(258,'¿Qué tipo de textos son los más objetivos?','LYL',1,NULL,0,0),(259,'¿Qué es la función fática del lenguaje?','LYL',1,NULL,0,0),(260,'¿Qué es la función apelativa del lenguaje?','LYL',1,NULL,0,0),(261,'Todo texto debe cumplir tres propiedades. ¿Cuáles son?','LYL',1,NULL,0,0),(262,'¿Cuál es la definición de oración?','LYL',1,NULL,0,0),(263,'La Oda es:','LYL',1,NULL,0,0),(264,'El poema épico es:','LYL',1,NULL,0,0),(265,'La comedia es:','LYL',1,NULL,0,0),(266,'La égloga es:','LYL',1,NULL,0,0),(267,'La epopeya es:','LYL',1,NULL,0,0),(268,'En la narrativa:','LYL',1,NULL,0,0),(269,'La forma de discurso que corresponde a la dramática es:','LYL',1,NULL,0,0),(270,'En el género literario lírico predomina:','LYL',1,NULL,0,0),(271,'¿Cuáles son los géneros literarios?','LYL',1,NULL,0,0),(272,'¿Qué elementos intervienen en el lenguaje literario?','LYL',1,NULL,0,0),(273,'¿Cuáles son las características del lenguaje periodístico?','LYL',1,NULL,0,0),(274,'¿Qué son los géneros de opinión?','LYL',1,NULL,0,0),(275,'¿De qué tipo puede ser una entrevista?','LYL',1,NULL,0,0),(276,'¿En qué partes se estructura una noticia?','LYL',1,NULL,0,0),(277,'¿Cuáles son los géneros periodísticos mixtos?','LYL',1,NULL,0,0),(278,'¿Cuáles son los géneros periodísticos de opinión?','LYL',1,NULL,0,0),(279,'¿Cuáles son los géneros periodísticos informativos?','LYL',1,NULL,0,0),(280,'He gave up ______ last month.','ING',1,NULL,0,0),(281,'Where do you think ______ next summer?','ING',1,NULL,0,0),(282,'It ______ when we were in Burgos this morning, so we couldn’t visit Atapuerca.','ING',1,NULL,0,0),(283,'Mary ______ me to lend her my class notes! She doesn’t attend many classes.','ING',1,NULL,0,0),(284,'Choose the correct option.','ING',1,NULL,0,0),(285,'Dad told Mom that...','ING',1,NULL,0,0),(286,'Choose the correct option.','ING',1,NULL,0,0),(287,'Choose the correct option.','ING',1,NULL,0,0),(288,'Choose the correct option.','ING',1,NULL,0,0),(289,'Choose the correct option. [Answer:  Not till next year]','ING',1,NULL,0,0),(290,'Choose the correct option.','ING',1,NULL,0,0),(291,'Choose the correct option.','ING',1,NULL,0,0),(292,'Choose the correct option.','ING',1,NULL,0,0),(293,'Choose the correct option.','ING',1,NULL,0,0),(294,'Choose the correct option.','ING',1,NULL,0,0),(295,'Choose the correct option.','ING',1,NULL,0,0),(296,'Choose the correct option.','ING',1,NULL,0,0),(297,'I’ve made up my mind! ______ 8 hours every day the week before my Physics exam.','ING',1,NULL,0,0),(298,'He refused _________ a doctor. He said he only needed to rest a bit.','ING',1,NULL,0,0),(299,'If Kate __________ for that job, she would have got it.','ING',1,NULL,0,0),(300,'An important part of the process is to ________ your work at the end.','ING',1,NULL,0,0),(301,'I don’t know if I can go to Mallorca. It depends __________ how much money I spend this summer.','ING',1,NULL,0,0),(302,'Where __________? You look very handsome now.','ING',1,NULL,0,0),(303,'Sorry! We’ve __________ milk. Would you prefer some tea?','ING',1,NULL,0,0),(304,'The Twin Towers were the __________ buildings in the USA.','ING',1,NULL,0,0),(305,'Yesterday, I __________ a ‘Castle’ episode on TV.','ING',1,NULL,0,0),(306,'The actress was dressed __________ a colourful costume.','ING',1,NULL,0,0),(307,'Bob __________ at home all day. Is he ill?','ING',1,NULL,0,0),(308,'I feel tired and sad! I might have __________ a cold!','ING',1,NULL,0,0),(309,'You __________ to the concert. It was quite exciting!','ING',1,NULL,0,0),(310,'Does anybody know __________?','ING',1,NULL,0,0),(311,'David is working really __________ this morning.','ING',1,NULL,0,0),(312,'Last month, my daughter __________ back to Brazil.','ING',1,NULL,0,0),(313,'Paul is really friendly and __________.','ING',1,NULL,0,0),(314,'Pete knew a little French so he ______ to ask for food in Paris restaurants.','ING',1,NULL,0,0),(315,'Frodo, ______ best friend was Sam, arrived at Mordor just in time to win the war.','ING',1,NULL,0,0),(316,'Bill’s wallet ______ while he was in the disco last night.','ING',1,NULL,0,0),(317,'Adam ______ green tea when he visited Ireland last autumn.','ING',1,NULL,0,0),(318,'[Nadal won the match against Murray]. The match against Murray ______ by Nadal.','ING',1,NULL,0,0),(319,'[The manager postponed the training session until Monday] Tito ______ the training session until Monday.','ING',1,NULL,0,0),(320,'Ma Baker used force and a gun to enter the bank. Ma Baker ______ into the bank with a gun.','ING',1,NULL,0,0),(321,'La teoría de la separación de poderes (legislativo, ejecutivo y judicial) fue elaborada por:','HIS',1,NULL,0,0),(322,'Bismark es considerado como:','HIS',1,NULL,0,0),(323,'La revolución francesa estalló en el año:','HIS',1,NULL,0,0),(324,'Leónidas I fue rey de:','HIS',1,NULL,0,0),(325,'El tratado de San Ildefonso firmado en  1800, significó, por parte de España:','HIS',1,NULL,0,0),(326,'Los sumerios inventaron:','HIS',1,NULL,0,0),(327,'Juana de Arco nació en:','HIS',1,NULL,0,0),(328,'Rosa de Luxemburgo fue una importante:','HIS',1,NULL,0,0),(329,'El general romano Aecio fue asesinado a punta de espada por:','HIS',1,NULL,0,0),(330,'Los almogávares fueron:','HIS',1,NULL,0,0),(331,'En la batalla de “Little Big Horn” entre las tropas de los Estados Unidos y los Sioux, perdió la vida:','HIS',1,NULL,0,0),(332,'¿En qué año los vikingos realizaron su primera incursión de ataque y saqueo a las costas de Gran Bretaña?','HIS',1,NULL,0,0),(333,'La guerra de los treinta años enfrentó a:','HIS',1,NULL,0,0),(334,'¿Cuál fue el primer ejército profesional de la Historia?','HIS',1,NULL,0,0),(335,'¿Entre qué años tuvo lugar la guerra de secesión americana?','HIS',1,NULL,0,0),(336,'¿Quién fue maestro de Alejandro Magno durante su juventud?','HIS',1,NULL,0,0),(337,'¿Cuál fue el pretexto esgrimido por los EE.UU. para entrar en guerra con Vietnam?','HIS',1,NULL,0,0),(338,'¿Con qué pueblo establecieron relaciones culturales y comerciales los tartesios entre los siglo VIII y VII a.C?','HIS',1,NULL,0,0),(339,'¿Cuál fue la principal actividad económica del pueblo fenicio?','HIS',1,NULL,0,0),(340,'¿Cuál fue el último rey de los Tartessos?','HIS',1,NULL,0,0),(341,'¿De dónde procedían los pueblos celtas que llegaron a la península entre los siglos VIII y VI a.C.?','HIS',1,NULL,0,0),(342,'¿De qué zona de España son propios los monumentos megalíticos conocidos como taulas, talayots o navetas?','HIS',1,NULL,0,0),(343,'La desamortización de Pascual Madoz:','HIS',1,NULL,0,0),(344,'El carlismo defiende:','HIS',1,NULL,0,0),(345,'Al final de la guerra los carlistas se dividen en:','HIS',1,NULL,0,0),(346,'La dictadura tecnocrática de Bravo Murillo:','HIS',1,NULL,0,0),(347,'Los partidos políticos españoles en el reinado de Isabel II representaban a:','HIS',1,NULL,0,0),(348,'¿En qué continente apareció el primer homínido?','HIS',1,NULL,0,0),(349,'¿Dónde ubicas el Mesolítico?','HIS',1,NULL,0,0),(350,'Las reformas económicas  de Mendizábal se caracterizan por:','HIS',1,NULL,0,0),(351,'El Australopitecus apareció sobre la tierra:','HIS',1,NULL,0,0),(352,'¿Qué hecho determina la invención y difusión de la escritura?','HIS',1,NULL,0,0),(353,'¿Cuándo comenzó el Paleolítico?','HIS',1,NULL,0,0),(354,'Marca respuesta incorrecta: La constitución de 1869:','HIS',1,NULL,0,0),(355,'¿En qué año asumió la corona Alfonso XIII?','HIS',1,NULL,0,0),(356,'¿Cuál fue la capital del Emirato que se formó en Al-Ándalus?','HIS',1,NULL,0,0),(357,'¿En qué año estalló el movimiento revolucionario denominado La Gloriosa?','HIS',1,NULL,0,0),(358,'Durante el inicio del Sexenio Democrático, ¿quién fue el presidente del gobierno?','HIS',1,NULL,0,0),(359,'¿En qué año derrotó Don Pelayo a los musulmanes?','HIS',1,NULL,0,0),(360,'¿Dónde solía residir la corte de la Corona de Aragón?','HIS',1,NULL,0,0),(361,'¿En qué siglo se creó la Universidad de Salamanca, primera universidad española?','HIS',1,NULL,0,0),(362,'¿Quiénes fueron derrotados en la Batalla de las Navas de Tolosa?','HIS',1,NULL,0,0),(363,'¿Con quién alcanzó  su máximo apogeo la Escuela de Traductores?','HIS',1,NULL,0,0),(364,'¿A qué figura encomendó el rey la función de controlar los municipios?','HIS',1,NULL,0,0),(365,'¿En qué año se produjo la conquista de Granada?','HIS',1,NULL,0,0),(366,'¿Cuál fue el año en el que la peste negra alcanzó más fuerza?','HIS',1,NULL,0,0),(367,'¿En qué Edad se llevó a cabo la Conquista Musulmana?','HIS',1,NULL,0,0),(368,'¿En qué año se produjo la conquista de Granada?','HIS',1,NULL,0,0),(369,'¿A qué figura encomendó el rey la función de controlar los municipios?','HIS',1,NULL,0,0),(370,'¿Cómo terminó La Reconquista?','HIS',1,NULL,0,0),(371,'¿En qué ciudad española se llevó a cabo la actividad traductora?','HIS',1,NULL,0,0),(372,'¿Qué territorios componían la Corona de Aragón?','HIS',1,NULL,0,0),(373,'¿Qué característica presentaba la Corona de Aragón?','HIS',1,NULL,0,0),(374,'¿En qué siglo se creó la Generalitat?','HIS',1,NULL,0,0),(375,'¿Cómo se llamó la batalla entre el  ejército de Táriq y los visigodos en el año 711?','HIS',1,NULL,0,0),(376,'¿Cuáles de los siguientes grupos sociales formaban parte de Al-Ándalus?','HIS',1,NULL,0,0),(377,'¿Cuál de los siguientes órganos tenía competencia de gobierno y asesoraban al monarca durante la baja Edad Media?','HIS',1,NULL,0,0),(378,'El código que consiguió la unificación jurídica para que el monarca legislara sin contar con las cortes, se llamaba:','HIS',1,NULL,0,0),(379,'En la baja Edad Media, Castilla no tuvo una capital permanente, pero la ciudad más importante fue:','HIS',1,NULL,0,0),(380,'¿A dónde huyeron los nobles visigodos y eclesiásticos debido a la conquista musulmana?','HIS',1,NULL,1,0),(381,'¿Dónde se llevó a cabo la repoblación de las órdenes militares?','HIS',1,NULL,0,0),(382,'¿Por qué es conocido Averroes?','HIS',1,NULL,0,0),(383,'¿Quiénes fueron los padres de Isabel II?','HIS',1,NULL,1,1),(384,'¿Quién tomó Granada?','HIS',1,NULL,0,0),(385,'¿Cuáles fueron los principales núcleos de resistencia cristiana?','HIS',1,NULL,0,0),(386,'Fecha de inicio de la dictadura del General Serrano:','HIS',1,NULL,0,0),(387,'¿Cuánto duró el reinado de Amadeo de Saboya?','HIS',1,NULL,0,0),(388,'¿Qué llevó a Isabel  II al exilio?','HIS',1,NULL,0,0),(389,'Periodo de reinado de Isabel II','HIS',1,NULL,0,0),(390,'¿Cuánto duró el reinado de Alfonso XIII?','HIS',1,NULL,0,0),(391,'¿Qué fue “La Gloriosa”?','HIS',1,NULL,0,0),(392,'¿Qué pasó durante el reinado de Alfonso XIII?','HIS',1,NULL,0,0),(393,'La fuente de energía más utilizada durante la Revolución Industrial es:','HIS',1,NULL,0,0),(394,'¿Quién fue Alfonso XIII?','HIS',1,NULL,0,0),(395,'La industria del hierro se desarrolla en base a:','HIS',1,NULL,0,0),(396,'¿Qué es el Zollverein?','HIS',1,NULL,0,0),(397,'¿Cúal fue el primer país de Europa y del mundo en industrializarse?','HIS',1,NULL,0,0),(398,'La combinación financiera monopolística  que consiste en la fusión de varias empresas para crear una empresa más potente es un:','HIS',1,NULL,0,0),(399,'¿Qué medida toman los países para defenderse de la competencia extranjera?','HIS',1,NULL,0,0),(400,'Bélgica antes de industrializarse ya tenía una importante tradición manufacturera:','HIS',1,NULL,0,0),(401,'La Revolución Industrial es un proceso que permitió explotar a gran escala:','HIS',1,NULL,0,0),(402,'La teoría clásica sobre el comercio internacional nace a partir de las teorías de:','HIS',1,NULL,0,0),(403,'Durante la Revolución Industrial, ¿qué sector fue el que más se benefició  y sufrió grandes transformaciones?','HIS',1,NULL,0,0),(404,'Hasta 1850, el único país que se puede considerar plenamente industrializado es:','HIS',1,NULL,0,0),(405,'¿Qué es el Código de Hammurabi?','HIS',1,NULL,1,1),(406,'¿Quién fue el primer Rey Borbón que reinó en España?','HIS',1,NULL,0,0),(407,'¿Qué fue La Guerra de la Independencia?','HIS',1,NULL,0,0),(408,'¿Qué son Las Cruzadas?','HIS',1,NULL,0,0),(409,'¿Qué era  Al-Ándalus  y cómo se formó?','HIS',1,NULL,0,0),(410,'¿En qué año se produjo la caída de Constantinopla por los turcos?','HIS',1,NULL,0,0),(411,'¿Qué último rey de la casa de los Austrias reinó España?','HIS',1,NULL,0,0),(412,'¿En qué año murió Napoleón Bonaparte?','HIS',1,NULL,0,0),(413,'La modificación del Sistema Foral Navarro:','HIS',1,NULL,0,0),(414,'Al acabar la I Guerra Carlista:','HIS',1,NULL,0,0),(415,'La Constitución de 1812:','HIS',1,NULL,0,0),(416,'Las relaciones entre los Borbones y el Régimen Foral Navarro:','HIS',1,NULL,0,0),(417,'Al  final de la guerra, los carlistas se dividen en :','HIS',1,NULL,0,0),(418,'¿El General Zumalacárregui defendía la causa liberal?','HIS',1,NULL,0,0),(419,'Navarra apoya el Carlismo por:','HIS',1,NULL,0,0),(420,'El Liberalismo tiene su área de influencia:','HIS',1,NULL,0,0),(421,'El Carlismo defiende','HIS',1,NULL,0,0),(422,'¿Cuándo empezó la Batalla de Covadonga?:','HIS',1,NULL,0,0),(423,'¿Qué ocurrió en la Batalla de Covadonga?','HIS',1,NULL,0,0),(424,'¿Quién fue Abderramán I?','HIS',1,NULL,0,0),(425,'Objetivo principal de la Batalla de Trafalgar:','HIS',1,NULL,0,0),(426,'Fecha de la Batalla de Navas de Tolosa:','HIS',1,NULL,0,0),(427,'Etapa de la Revolución Francesa:','HIS',1,NULL,0,0),(428,'¿A qué hace referencia “La Pepa”?','HIS',1,NULL,0,0),(429,'Principios fundamentales de “La Pepa”:','HIS',1,NULL,0,0),(430,'¿Cuándo finalizó la Guerra Civil Española?','HIS',1,NULL,0,0),(431,'¿Cuántas Repúblicas hubo en España?','HIS',1,NULL,0,0),(432,'¿Cuándo tuvo lugar la Primera República Española?','HIS',1,NULL,0,0),(433,'Señala la etapa de la dictadura de Primo de Rivera:','HIS',1,NULL,0,0),(434,'¿Qué etapa comprende la Guerra Civil Española?','HIS',1,NULL,0,0),(435,'¿Quién reinaba en Asturias cuando los árabes intentaron invadirla?','HIS',1,NULL,0,0),(436,'¿Qué Comunidad Autónoma no fue conquistada por los árabes?','HIS',1,NULL,0,0),(437,'Un mercado de competencia perfecta:','ECO',1,NULL,0,0),(438,'La clasificación de mercados que más se utiliza se sustenta:','ECO',1,NULL,0,0),(439,'La fijación de un precio máximo por encima del precio de equilibrio:','ECO',1,NULL,0,0),(440,'Un bien que cuente con muchos sustitutivos:','ECO',1,NULL,0,0),(441,'Un incremento de los precios de la gasolina:','ECO',1,NULL,0,0),(442,'La curva de demanda de automóviles se desplazara cuando:','ECO',1,NULL,0,0),(443,'La curva de demanda se desplazará a la izquierda si:','ECO',1,NULL,0,0),(444,'Las malas cosechas provocan:','ECO',1,NULL,0,0),(445,'Indica cuál será el efecto sobre el mercado de un bien cuando aumenten los precios de sus bienes sustitutivos:','ECO',1,NULL,0,0),(446,'Cuando en un mercado existe un exceso de demanda:','ECO',1,NULL,0,0),(447,'Una subida de los precios de los alimentos supone:','ECO',1,NULL,0,0),(448,'Cuando en un mercado existe un exceso de oferta:','ECO',1,NULL,0,0),(449,'Cuando se incrementen los costes de producción de un determinado bien:','ECO',1,NULL,0,0),(450,'Si la elasticidad cruzada de dos bienes es positiva quiere decir que:','ECO',1,NULL,0,0),(451,'Indica cuál es efecto de una reducción de la renta de los consumidores:','ECO',1,NULL,0,0),(452,'Cuando la elasticidad de la renta es menor que uno el bien considerado es:','ECO',1,NULL,0,0),(453,'Explica las consecuencias sobre el mercado de abrigos en un invierno suave:','ECO',1,NULL,0,0),(454,'Los costes de producción dependen de:','ECO',1,NULL,0,0),(455,'Una mejora de la tecnología:','ECO',1,NULL,0,0),(456,'El producto marginal toma valores negativos cuando:','ECO',1,NULL,0,0),(457,'Las desigualdades mundiales:','ECO',1,NULL,0,0),(458,'A mayores costes fijos:','ECO',1,NULL,0,0),(459,'Para unos precios dados de los factores productivos si el producto marginal es decreciente el coste marginal:','ECO',1,NULL,0,0),(460,'Cuando los costes medios son decrecientes:','ECO',1,NULL,0,0),(461,'En el corto plazo los costes totales de la empresa:','ECO',1,NULL,0,0),(462,'Se considera óptimo técnico:','ECO',1,NULL,0,0),(463,'La empresa maximizadora de beneficios producirá una cantidad de productos para la que:','ECO',1,NULL,0,0),(464,'La función de producción:','ECO',1,NULL,0,0),(465,'Una mejora tecnológica aplicada en la empresa:','ECO',1,NULL,0,0),(466,'La racionalidad económica:','ECO',1,NULL,0,0),(467,'Las tres preguntas básicas de la economía son:','ECO',1,NULL,0,0),(468,'Las principales ventajas del mercado son:','ECO',1,NULL,0,0),(469,'Un punto situado por encima de la Frontera de Posibilidades de Producción representa:','ECO',1,NULL,0,0),(470,'La Frontera de Posibilidades de Producción de un país puede incrementarse por:','ECO',1,NULL,0,0),(471,'Un tractor agrícola es un ejemplo de Factor de Producción:','ECO',1,NULL,0,0),(472,'Cuando  existe un exceso de demanda:','ECO',1,NULL,0,0),(473,'Cuando existe un exceso de oferta:','ECO',1,NULL,0,0),(474,'Si tengo que estudiar dos asignaturas y decido estudiar solamente una:','ECO',1,NULL,0,0),(475,'La base del problema económico radica en que:','ECO',1,NULL,0,0),(476,'Los bienes naturales:','ECO',1,NULL,0,0),(477,'Los agentes económicos:','ECO',1,NULL,0,0),(478,'El coste de oportunidad es consecuencia de:','ECO',1,NULL,0,0),(479,'Las necesidades primarias:','ECO',1,NULL,0,0),(480,'El coste de oportunidad:','ECO',1,NULL,0,0),(481,'La Unión Europea:','ECO',1,NULL,0,0),(482,'En una zona de libre comercio:','ECO',1,NULL,0,0),(483,'La política que más recursos absorbe de la Unión Europea es:','ECO',1,NULL,0,0),(484,'El desarrollo económico:','ECO',1,NULL,0,0),(485,'Las desigualdades mundiales:','ECO',1,NULL,0,0),(486,'Una de las siguientes instituciones internacionales no surgió de Breton Woods:','ECO',1,NULL,0,0),(487,'Un entorno macroeconómico estable:','ECO',1,NULL,0,0),(488,'Una de las siguientes características no es propia de un país en vías de desarrollo:','ECO',1,NULL,0,0),(489,'He doesn’t have ______ time, so we’ll have to talk about it later.','ING',1,NULL,0,0),(490,'Mom has to go to ______ early tomorrow to prepare an important meeting.','ING',1,NULL,0,0),(491,'Bob has ______ a lot of money in new technologies.','ING',1,NULL,0,0),(492,'The old man took the dictionary ______ from the shelf and looked at the price.','ING',1,NULL,0,0),(493,'I gave the cashier a €50 note and waited for my ______.','ING',1,NULL,0,0),(494,'Did someone help Jennifer or did she do the project ______?','ING',1,NULL,0,0),(495,'That’s not your cell phone. It’s ______.','ING',1,NULL,0,0),(496,'Benjamin Franklin is the person ______ discovered electricity while flying a kite.','ING',1,NULL,0,0),(497,'Is this your car or is it ______?','ING',1,NULL,0,0),(498,'ack couldn’t ______ the news so he turned the radio up.','ING',1,NULL,0,0),(499,'My sister ______ read when she was just three years old.','ING',1,NULL,0,0),(500,'All projects ______ be handed in to me by Monday at the latest.','ING',1,NULL,0,0),(501,'Did you write to Martha ______ your trip this vacation?','ING',1,NULL,0,0),(502,'You have to ______ on the word ‘Next’ to see the next photograph.','ING',1,NULL,0,0),(503,'When you have finished the report, save the ______ in ‘My Documents’.','ING',1,NULL,0,0),(504,'Even when he’s very angry, my dad never ______ or shouts.','ING',1,NULL,0,0),(505,'Brazil ______ coffee all over the world.','ING',1,NULL,0,0),(506,'Let’s go for a walk around the city as soon as we ______ the hotel and get rid of our suitcases!','ING',1,NULL,0,0),(507,'I ______ a lot of money to my friends and I don’t know if I can pay it back.','ING',1,NULL,0,0),(508,'‘What ______ at midnight last night?’ the police officer asked.','ING',1,NULL,0,0),(509,'Joyce knows New York City very well because she ______ there.','ING',1,NULL,0,0),(510,'I’m tired because I ______ for the past six hours.','ING',1,NULL,0,0),(511,'Could I have ______ bread, please?','ING',1,NULL,0,0),(512,'They should ______ me they weren’t going to come!','ING',1,NULL,0,0),(513,'The soccer match ______ have finished by now. It started over four hours ago!','ING',1,NULL,0,0),(514,'I have no idea where ______','ING',1,NULL,0,0),(515,'You don’t eat raw vegetables, ______ you?','ING',1,NULL,0,0),(516,'Let’s see what movies are playing, ______?','ING',1,NULL,0,0),(517,'I’m the first one to arrive, ______ I?','ING',1,NULL,0,0),(518,'Betty earns ______ much money that she can go wherever she wants to go on holiday!','ING',1,NULL,0,0),(519,'I have to work much longer in my new job ______ in my old job.','ING',1,NULL,0,0),(520,'What’s the ______ subject you’ve ever had?','ING',1,NULL,0,0),(521,'The office is ______ a long way that I can’t walk to work.','ING',1,NULL,0,0),(522,'Anita plays piano really well and ______ to win the prize.','ING',1,NULL,0,0),(523,'It takes her about half an hour to get ready ______ school each morning.','ING',1,NULL,0,0),(524,'Our workers are ______ strike, so the factory is closed today!','ING',1,NULL,0,0),(525,'I asked him when ______ finish reading his book.','ING',1,NULL,0,0),(526,'Doug said he had a guitar lesson ______ night.','ING',1,NULL,0,0),(527,'My mother told ______ my things to another room.','ING',1,NULL,0,0),(528,'Grace apologised ______ ink on my new blouse.','ING',1,NULL,0,0),(529,'He suggested ______ a new house painter who would do a better job.','ING',1,NULL,0,0),(530,'Does this hat ______ my new outfit?','ING',1,NULL,0,0),(531,'These trousers are too ______ around the waist. I can’t breathe!','ING',1,NULL,0,0),(532,'There was too much to see all in one day, so we ______ out the harbour.','ING',1,NULL,0,0),(533,'I filled the jug ______ with water.','ING',1,NULL,0,0),(534,'I hear there’s ______ new gym in town. Let’s see how expensive it is.','ING',1,NULL,0,0),(535,'Let me just add ______ the number of correct responses.','ING',1,NULL,0,0),(536,'She couldn’t sell her old furniture, so she just gave it ______.','ING',1,NULL,0,0),(539,'¿Cuál era el nombre original de la ciudad de Nueva York?','HIS',1,NULL,0,0),(540,'¿En qué país se celebraron los primeros Juegos Olímpicos?','DEP',1,NULL,0,0);
/*!40000 ALTER TABLE `preguntas` ENABLE KEYS */;
UNLOCK TABLES;

--
-- Table structure for table `preguntas_formuladas`
--

DROP TABLE IF EXISTS `preguntas_formuladas`;
/*!40101 SET @saved_cs_client     = @@character_set_client */;
/*!40101 SET character_set_client = utf8 */;
CREATE TABLE `preguntas_formuladas` (
  `id` int(11) NOT NULL AUTO_INCREMENT,
  `test_id` int(11) NOT NULL,
  `pregunta_id` int(11) NOT NULL,
  `acertada` tinyint(1) DEFAULT NULL,
  `puntos` float DEFAULT NULL,
  PRIMARY KEY (`id`),
  KEY `fk_pregform_pregunta` (`pregunta_id`),
  KEY `pregform_test_FK` (`test_id`),
  CONSTRAINT `pregform_preguntas_FK` FOREIGN KEY (`pregunta_id`) REFERENCES `preguntas` (`id`),
  CONSTRAINT `pregform_test_FK` FOREIGN KEY (`test_id`) REFERENCES `tests` (`id`)
) ENGINE=InnoDB DEFAULT CHARSET=utf8;
/*!40101 SET character_set_client = @saved_cs_client */;

--
-- Dumping data for table `preguntas_formuladas`
--

LOCK TABLES `preguntas_formuladas` WRITE;
/*!40000 ALTER TABLE `preguntas_formuladas` DISABLE KEYS */;
/*!40000 ALTER TABLE `preguntas_formuladas` ENABLE KEYS */;
UNLOCK TABLES;

--
-- Table structure for table `respuestas`
--

DROP TABLE IF EXISTS `respuestas`;
/*!40101 SET @saved_cs_client     = @@character_set_client */;
/*!40101 SET character_set_client = utf8 */;
CREATE TABLE `respuestas` (
  `id` int(11) NOT NULL AUTO_INCREMENT,
  `pregunta_id` int(11) NOT NULL,
  `texto` text NOT NULL,
  `correcta` tinyint(1) DEFAULT 0,
  `foto` varchar(200) DEFAULT NULL,
  `veces_respondida` int(11) DEFAULT 0,
  PRIMARY KEY (`id`),
  KEY `respuestas_preguntas_FK` (`pregunta_id`),
  CONSTRAINT `respuestas_preguntas_FK` FOREIGN KEY (`pregunta_id`) REFERENCES `preguntas` (`id`) ON DELETE CASCADE ON UPDATE CASCADE
) ENGINE=InnoDB AUTO_INCREMENT=2161 DEFAULT CHARSET=utf8;
/*!40101 SET character_set_client = @saved_cs_client */;

--
-- Dumping data for table `respuestas`
--

LOCK TABLES `respuestas` WRITE;
/*!40000 ALTER TABLE `respuestas` DISABLE KEYS */;
INSERT INTO `respuestas` VALUES (1,1,'Actúa de manera similar a un monopolista.',1,NULL,0),(2,2,'Se encuentran con muchas barreras de entrada y de salida.',0,NULL,0),(3,3,'Sólo se puede estar en equilibrio cuando se tienen beneficios.',0,NULL,0),(4,4,'Se debe a que la oferta agregada es inferior a la demanda agregada.',0,NULL,0),(5,5,'Es más beneficioso para los consumidores que el mercado de competencia perfecta.',0,NULL,0),(6,6,'Suelen ser inferiores a los que da el INEM.',0,NULL,0),(7,7,'Es siempre igual a la tasa de actividad.',0,NULL,0),(8,8,'Todos aquellos que están ocupando un puesto de trabajo en el momento actual.',0,NULL,0),(9,9,'Es el mismo que el PIB.',0,NULL,0),(10,10,'La estabilidad de precios.',0,NULL,0),(11,11,'El crecimiento económico de un país.',0,NULL,0),(12,12,'Los impuestos directos.',0,NULL,0),(13,13,'Suele ser menor que el PIB a precios de mercado.',1,NULL,0),(14,14,'Descuenta la inflación.',1,NULL,0),(15,15,'Podríamos hallar sin problemas el deflactor del PIB de ese año.',1,NULL,0),(16,16,'Estabilizar la economía.',0,NULL,0),(17,17,'La política de rentas.',0,NULL,0),(18,18,'Producen disfunciones en la competencia.',0,NULL,0),(19,19,'El gasto en salud.',0,NULL,0),(20,20,'Depende de toda la renta de la familia.',0,NULL,0),(21,21,'Aumenta la renta nacional.',1,NULL,0),(22,22,'Se incrementa ante un aumento de los tipos de interés.',0,NULL,0),(23,23,'Traslada la demanda agregada a la derecha.',0,NULL,0),(24,24,'Se paga menor cantidad de dinero cuando más renta se tiene.',0,NULL,0),(25,25,'Afecta a la oferta agregada.',0,NULL,0),(26,26,'Se financia a través de la emisión de deuda pública.',1,NULL,0),(27,27,'Cuando exista mucho desempleo.',0,NULL,0),(28,28,'Mayor es la propensión a ahorrar.',0,NULL,0),(29,29,'Afecta negativamente a la demanda agregada.',1,NULL,0),(30,30,'El consumo depende de la renta.',1,NULL,0),(31,31,'Siempre.',0,NULL,0),(32,32,'Disminuye el efecto multiplicador.',0,NULL,0),(33,33,'Son lo mismo que las tarjetas de crédito.',0,NULL,0),(34,34,'Cesta de  la compra.',1,NULL,0),(35,35,'Mayores que el Euribor.',1,NULL,0),(36,36,'Aumentando los precios y la producción.',1,NULL,0),(37,37,'Comportamiento del mercado del dinero.',1,NULL,0),(38,38,'Aumenta.',1,NULL,0),(39,39,'Los Bancos',0,NULL,0),(40,40,'La estabilidad de precios.',0,NULL,0),(41,41,'La Rentabilidad, que es el rendimiento que se obtiene del Activo',0,NULL,0),(42,42,'Si baja el Tipo de Interés, los inversores acuden a la Bolsa',1,NULL,0),(43,43,'Suele ser mayor que el PIB a precios de mercado.',0,NULL,0),(44,44,'No incluye los impuestos indirectos.',0,NULL,0),(45,45,'El crecimiento económico de un país.',0,NULL,0),(46,46,'No tiene en cuenta la inflación.',0,NULL,0),(47,47,'Los productos de la zona euro  se abaratarían para los extranjeros',0,NULL,0),(48,48,'El diferencial de inflación',0,NULL,0),(49,49,'No puede darse en un mercado ya que va en contra de su esencia.',0,NULL,0),(50,50,'Regular la actividad económica.',0,NULL,0),(51,51,'Una manzana.',0,NULL,0),(52,52,'La política monetaria.',0,NULL,0),(53,53,'Consigue siempre una sociedad igualitaria.',0,NULL,0),(54,54,'Felipe II',0,NULL,0),(55,55,'1969',1,NULL,0),(56,56,'Son las principales fuerzas que impulsan la globalización.',1,NULL,0),(57,57,'Atila, rey de los Hunos',0,NULL,0),(58,58,'A los calvinistas.',0,NULL,0),(59,59,'Fue asesinado',0,NULL,0),(60,60,'Total Destruction',0,NULL,0),(61,61,'Chindasvinto',0,NULL,0),(62,62,'El invencible',0,NULL,0),(63,63,'Tariq ibn Ziyad',0,NULL,0),(64,64,'Alhucemas.',1,NULL,0),(65,65,'511 d.C.',0,NULL,0),(66,66,'Se independizaron.',0,NULL,0),(67,67,'El asesinato del embajador norteamericano en Madrid.',0,NULL,0),(68,68,'Por una lista de categorías',1,NULL,0),(69,69,'Definen el espectro cromático de las cosas',0,NULL,0),(70,70,'Nombra lo que son las cosas',1,NULL,0),(71,71,'Se plantea por primera vez la existencia de Dios',1,NULL,0),(72,72,'Ética a Nicómano y Metafísica',1,NULL,0),(73,73,'A finales del S. III a.C',1,NULL,0),(74,74,'Anaxágonas',0,NULL,0),(75,75,'Atenas',0,NULL,0),(76,76,'Nóumenos, Fenóumenos y Retórica',0,NULL,0),(77,77,'Explicar la teoría del mundo en ambos casos',0,NULL,0),(78,78,'Se conservan casi enteras',1,NULL,0),(79,79,'Unos diálogos en los que el protagonista suele ser Sócrates',1,NULL,0),(80,80,'Sócrates',1,NULL,0),(81,81,'Los Peripatéticos',1,NULL,0),(82,82,'582-507 ac',0,NULL,0),(83,83,'Pitágoras',1,NULL,0),(84,84,'Platón',0,NULL,0),(85,85,'Pervertir a sus discípulos por ayudarlos a parir conceptos e ideas',1,NULL,0),(86,86,'Epistemología',0,NULL,0),(87,87,'Platón',0,NULL,0),(88,88,'Pensar',0,NULL,0),(89,89,'Epistemología',1,NULL,0),(90,90,'Animal político',1,NULL,0),(91,91,'Aristóteles',1,NULL,0),(92,92,'Sabiduría',0,NULL,0),(93,93,'Ortega y Gasset',0,NULL,0),(94,94,'Spinoza',0,NULL,0),(95,95,'Es el mundo como totalidad de múltiples procesos; naturales, sociales e históricos',1,NULL,0),(96,96,'Método socrático',1,NULL,0),(97,97,'Pasos',0,NULL,0),(98,98,'Platón',1,NULL,0),(99,99,'Método socrático',0,NULL,0),(100,100,'Método socrático',0,NULL,0),(101,101,'Psicología',0,NULL,0),(102,102,'Método socrático',0,NULL,0),(103,103,'Hermenéutica',0,NULL,0),(104,104,'Hermenéutico',1,NULL,0),(105,105,'Método desconstruccionalista',1,NULL,0),(106,106,'Nietzsche',0,NULL,0),(107,107,'Sartre',0,NULL,0),(108,108,'Aristóteles',1,NULL,0),(109,109,'Ciclo hermenéutico',0,NULL,0),(110,110,'Seneca',0,NULL,0),(111,111,'Trascendente',0,NULL,0),(112,112,'Trascendente',1,NULL,0),(113,113,'Método ideológico',0,NULL,0),(114,114,'Proceso',0,NULL,0),(115,115,'La epistemología',0,NULL,0),(116,116,'Lógica',1,NULL,0),(117,117,'Filosofía de la religión',1,NULL,0),(118,118,'Ética',1,NULL,0),(119,119,'Filosofía de la religión',1,NULL,0),(120,120,'Filosofía de la religión',0,NULL,0),(121,121,'No es dueño de su trabajo',1,NULL,0),(122,122,'Filosofía de la religión',1,NULL,0),(123,123,'Prerrogativa',0,NULL,0),(124,124,'David Hume',1,NULL,0),(125,125,'cartesiano',1,NULL,0),(126,126,'La impresión de ideas',0,NULL,0),(127,127,'Tener ideas',0,NULL,0),(128,128,'Platón',1,NULL,0),(129,129,'Los sentidos',1,NULL,0),(130,130,'Mundo de los pensamientos y mundo sensible',0,NULL,0),(131,131,'Relacionarse con Dios',0,NULL,0),(132,132,'De lo general a lo particular',0,NULL,0),(133,133,'La idea de Justicia',0,NULL,0),(134,134,'Si los gobernantes gobiernan a los guardianes y a los productores',1,NULL,0),(135,135,'La democracia',0,NULL,0),(136,136,'La materia es aquello a partir de lo cual se individualiza la forma',0,NULL,0),(137,137,'Dual',0,NULL,0),(138,138,'Materia que se corresponde con el acto y forma que corresponde al ser en potencia.',0,NULL,0),(139,139,'Dios',0,NULL,0),(140,140,'Sustancial',0,NULL,0),(141,141,'Cuatro causas: dos intrínsecas (material  y formal) y dos extrínsecas (eficiente y final)',1,NULL,0),(142,142,'Generalizar lo individual a lo universal',0,NULL,0),(143,143,'Sentimiento, imaginación, experiencia y entendimiento',0,NULL,0),(144,144,'Alcanzar el conocimiento',0,NULL,0),(145,145,'Vegetativa, sensitiva e intelectiva',1,NULL,0),(146,146,'Platón',0,NULL,0),(147,147,'Mediante la contemplación',0,NULL,0),(148,148,'Las ideas a posteriori',0,NULL,0),(149,149,'Santo Tomás',0,NULL,0),(150,150,'Son universales',0,NULL,0),(151,151,'No existe',0,NULL,0),(152,152,'Es única',1,NULL,0),(153,153,'La ley Eterna',1,NULL,0),(154,154,'La evidencia, el análisis, la síntesis y la enumeración',1,NULL,0),(155,155,'Consiste en cuestionar todos nuestros conocimientos sin ninguna finalidad.',0,NULL,0),(156,156,'El engaño del mundo y la distinción del sueño y la vigilia.',0,NULL,0),(157,157,'Aristóteles',0,NULL,0),(158,158,'Externas, internas e innatas',0,NULL,0),(159,159,'El yo infinito y contingente',0,NULL,0),(160,160,'En el cerebro',0,NULL,0),(161,161,'El cuerpo es la cárcel del alma',0,NULL,0),(162,162,'La voluntad',0,NULL,0),(163,163,'Impresiones e ideas',0,NULL,0),(164,164,'Descartes',0,NULL,0),(165,165,'Afirmar que la verdad se encuentra en las sensaciones, en lo que podemos experimentar.',0,NULL,0),(166,166,'Sintéticos a posteriori',0,NULL,0),(167,167,'Conocimiento',0,NULL,0),(168,168,'Descartes',0,NULL,0),(169,169,'La materia y la forma',0,NULL,0),(170,170,'Nietzsche',1,NULL,0),(171,171,'Santo Tomás',0,NULL,0),(172,172,'La actividad teórica',0,NULL,0),(173,173,'Es una metáfora que utiliza para explicar que este mundo es finito.',0,NULL,0),(174,174,'Historia',1,NULL,0),(175,175,'Nuestras almas sólo tienen que recordar aquello que ya han visto en el mundo de las ideas, pues de él provienen todas las almas.',1,NULL,0),(176,176,'Empirismo lógico',0,NULL,0),(177,177,'Atenas',1,NULL,0),(178,178,'Potencialidad, virtud',0,NULL,0),(179,179,'En el S. II a.C',0,NULL,0),(180,180,'Cadalso',1,NULL,0),(181,181,'1750-1798',0,NULL,0),(182,182,'1713',1,NULL,0),(183,183,'Felipe V',0,NULL,0),(184,184,'Emilia Pardo Bazán',1,NULL,0),(185,185,'Juan Valera',0,NULL,0),(186,186,'La Regenta',1,NULL,0),(187,187,'Leon Tolstoi',1,NULL,0),(188,188,'Émile Zola',1,NULL,0),(189,189,'Antonio María Gutiérrez',1,NULL,0),(190,190,'José Zorrilla',1,NULL,0),(191,191,'Novelístico',0,NULL,0),(192,192,'1825-1870',0,NULL,0),(193,193,'Muerte',0,NULL,0),(194,194,'Los prometidos',0,NULL,0),(195,195,'Alemania',1,NULL,0),(196,196,'XX',0,NULL,0),(197,197,'Exaltación de la libertad y los sentimientos personales',1,NULL,0),(198,198,'Verso',0,NULL,0),(199,199,'Derecho a la libertad de elegir pareja y educación de la mujer',1,NULL,0),(200,200,'Luces de Bohemia',1,NULL,0),(201,201,'Cantos de sirenas',0,NULL,0),(202,202,'Novelista',0,NULL,0),(203,203,'Del 14',0,NULL,0),(204,204,'Política',0,NULL,0),(205,205,'Poesía',0,NULL,0),(206,206,'Lorca',0,NULL,0),(207,207,'Miguel de Unamuno',1,NULL,0),(208,208,'Federico García Lorca',0,NULL,0),(209,209,'Nicarágua',1,NULL,0),(210,210,'Se suicidó',0,NULL,0),(211,211,'Realista',1,NULL,0),(212,212,'Modernismo',1,NULL,0),(213,213,'La familia de Pascual Duarte',1,NULL,0),(214,214,'1850-1925',0,NULL,0),(215,215,'Jacinto Benavente',1,NULL,0),(216,216,'La Guerra civil española',0,NULL,0),(217,217,'Hijos de la ira',0,NULL,0),(218,218,'Realismo, cubismo, dramatismo, expresionismo',0,NULL,0),(219,219,'Gabriel Miró',0,NULL,0),(220,220,'El ensayo',1,NULL,0),(221,221,'Generación 98',0,NULL,0),(222,222,'El boom',0,NULL,0),(223,223,'Relatos y testimonios de personajes públicos',0,NULL,0),(224,224,'Juan Rulfo',0,NULL,0),(225,225,'Cien años de soledad',0,NULL,0),(226,226,'Guatemalteco',1,NULL,0),(227,227,'Depresiva',0,NULL,0),(228,228,'Rubén Darío',0,NULL,0),(229,229,'Decadencia',0,NULL,0),(230,230,'Poesía Hispanoamericana',0,NULL,0),(231,231,'Un grupo de poetas españoles',1,NULL,0),(232,232,'Los 40',1,NULL,0),(233,233,'Pablo Neruda',0,NULL,0),(234,234,'El dolor, la muerte y la esperanza por la vida',0,NULL,0),(235,235,'José Sanchís Sinisterra',0,NULL,0),(236,236,'Federico García Lorca',1,NULL,0),(237,237,'Antonio Buero Vallejo',0,NULL,0),(238,238,'Letra inicial de una palabra',0,NULL,0),(239,239,'De un solo monema',0,NULL,0),(240,240,'Concreta el significado del verbo en las estructuras transitivas',0,NULL,0),(241,241,'Cuando al emitir un enunciado no expresamos el sujeto porque lo sobreentendemos',1,NULL,0),(242,242,'Conjunto de palabras que tiene como núcleo un verbo',0,NULL,0),(243,243,'Grupo de palabras cuyo núcleo es el sustantivo, nombre o cualquier otro elemento que equivalga a un sustantivo',1,NULL,0),(244,244,'Enunciativas, exclamativas, desiderativas, dubitativas, imperativas e interrogativas',1,NULL,0),(245,245,'Su finalidad es informar al destinatario',0,NULL,0),(246,246,'Consiste en la dependencia gramatical entre las diferentes unidades que componen un texto',0,NULL,0),(247,247,'Son los adverbios de tiempo',0,NULL,0),(248,248,'Un mecanismo lingüístico que señala quién, dónde y cuándo',1,NULL,0),(249,249,'La intención',0,NULL,0),(250,250,'Argumentativo, crítico, narrativo, descriptivo y analista',0,NULL,0),(251,251,'Palabras que tienen pertenecen a la misma categoría gramatical',0,NULL,0),(252,252,'Palabra en la que a su significante le corresponden varios significados',0,NULL,0),(253,253,'Es el significado objetivo de una palabra, aparece en los diccionarios y es común a todos los hablantes de una lengua.',1,NULL,0),(254,254,'Palabras provenientes del Neolítico',0,NULL,0),(255,255,'Simples, compuestas y derivadas',1,NULL,0),(256,256,'Deductiva, inductiva, encuadrada y paralela',1,NULL,0),(257,257,'Palabras o locuciones que relacionan oraciones, párrafos o apartados de un texto',1,NULL,0),(258,258,'Jurídicos',0,NULL,0),(259,259,'Es la que centra la atención de la comunicación en el emisor',0,NULL,0),(260,260,'Es la que centra la atención de la comunicación en el emisor',0,NULL,0),(261,261,'Coherencia, adecuación y cohesión',1,NULL,0),(262,262,'Unidad lingüística dotada de significación que no pertenece a una unidad lingüística superior.',1,NULL,0),(263,263,'Una forma narrativa',0,NULL,0),(264,264,'Una forma narrativa',0,NULL,0),(265,265,'Una forma narrativa',0,NULL,0),(266,266,'Una forma narrativa',0,NULL,0),(267,267,'Una forma narrativa',1,NULL,0),(268,268,'El autor-narrador se sitúa como espectador',1,NULL,0),(269,269,'Explicativo',0,NULL,0),(270,270,'La objetividad',0,NULL,0),(271,271,'La lírica, la poesía y el teatro',0,NULL,0),(272,272,'Emisor, receptor, canal, contexto y mensaje',1,NULL,0),(273,273,'Claridad, precisión, intensidad y brevedad',0,NULL,0),(274,274,'Son los que ofrecen información sobre un hecho de actualidad',0,NULL,0),(275,275,'Biográfica o informativa',1,NULL,0),(276,276,'Titular, lead o entrada y cuerpo',1,NULL,0),(277,277,'El artículo de opinión y el reportaje',0,NULL,0),(278,278,'El editorial, el reportaje y la columna',0,NULL,0),(279,279,'La noticia, el reportaje y la entrevista',1,NULL,0),(280,280,'to smoke',0,NULL,0),(281,281,'are you going to be',0,NULL,0),(282,282,'was raining',1,NULL,0),(283,283,'asks always',0,NULL,0),(284,284,'She’s very keen to Formula 1.',0,NULL,0),(285,285,'he would always help her.',1,NULL,0),(286,286,'If we finish on time, we go to the party.',0,NULL,0),(287,287,'How long is it to Malaga?',0,NULL,0),(288,288,'You didn’t have to do that, you know.',0,NULL,0),(289,289,'Is Sarah going school?',0,NULL,0),(290,290,'Are you studied French last summer?',0,NULL,0),(291,291,'I don’t think they will ever arrive on time.',1,NULL,0),(292,292,'Rachel has never been into India.',0,NULL,0),(293,293,'I’m trying to doing some sport every week.',0,NULL,0),(294,294,'I am usually having some bread with my lunch.',0,NULL,0),(295,295,'I work next Saturday.',0,NULL,0),(296,296,'When are you going to visit me?',1,NULL,0),(297,297,'I’m going to study',1,NULL,0),(298,298,'going to',0,NULL,0),(299,299,'has tried',0,NULL,0),(300,300,'revised',0,NULL,0),(301,301,'if',0,NULL,0),(302,302,'did you have your hair cut',1,NULL,0),(303,303,'split up with',0,NULL,0),(304,304,'taller',0,NULL,0),(305,305,'looked',0,NULL,0),(306,306,'in',1,NULL,0),(307,307,'has stood',0,NULL,0),(308,308,'got',0,NULL,0),(309,309,'mustn’t have gone',0,NULL,0),(310,310,'where he works',1,NULL,0),(311,311,'strong',0,NULL,0),(312,312,'had gone',0,NULL,0),(313,313,'intelligent',0,NULL,0),(314,314,'can',0,NULL,0),(315,315,'whose',1,NULL,0),(316,316,'stole',0,NULL,0),(317,317,'used to drinking',0,NULL,0),(318,318,'was won',1,NULL,0),(319,319,'put over',0,NULL,0),(320,320,'went',0,NULL,0),(321,321,'Napoleón Bonaparte',0,NULL,0),(322,322,'El máximo impulsor de la unificación alemana del XIX.',1,NULL,0),(323,323,'1802',0,NULL,0),(324,324,'Esparta',1,NULL,0),(325,325,'La cesión de Gibraltar a los ingleses.',0,NULL,0),(326,326,'La rueda y la cerveza',1,NULL,0),(327,327,'Rusia',0,NULL,0),(328,328,'Política marxista de origen polaco.',1,NULL,0),(329,329,'Atila el Huno',0,NULL,0),(330,330,'Los primeros musulmanes que invadieron España en el siglo VIII',0,NULL,0),(331,331,'El jefe indio Toro Sentado',0,NULL,0),(332,332,'1100',0,NULL,0),(333,333,'Francia y España',0,NULL,0),(334,334,'El romano',0,NULL,0),(335,335,'1854-1859',0,NULL,0),(336,336,'Eudoxo de Cnio.',0,NULL,0),(337,337,'El ataque vietnamita al destructor USS Maddox',1,NULL,0),(338,338,'Griego',0,NULL,0),(339,339,'Agricultura',0,NULL,0),(340,340,'Argantonio',1,NULL,0),(341,341,'Mediterráneo Oriental',0,NULL,0),(342,342,'Aragón',0,NULL,0),(343,343,'Solucionó el problema de la propiedad',0,NULL,0),(344,344,'Sociedad estamental, poder de la Iglesia y foros',1,NULL,0),(345,345,'Neocatólicos y progresistas',0,NULL,0),(346,346,'Intenta fomentar la democratización política',0,NULL,0),(347,347,'El pueblo llano',0,NULL,0),(348,348,'Asia',0,NULL,0),(349,349,'Entre la historia antigua y media',0,NULL,0),(350,350,'Intentar implantar el liberalismo económico',1,NULL,0),(351,351,'Hace 1 millón de años',0,NULL,0),(352,352,'La vida nómada',0,NULL,0),(353,353,'Cuando apareció el hombre sobre la tierra',1,NULL,0),(354,354,'Reconoce la soberanía popular.',0,NULL,0),(355,355,'1931',0,NULL,0),(356,356,'Sevilla',0,NULL,0),(357,357,'1868',1,NULL,0),(358,358,'Serrano',0,NULL,0),(359,359,'789',0,NULL,0),(360,360,'En Lleida',0,NULL,0),(361,361,'Siglo XV',0,NULL,0),(362,362,'Catalanes',0,NULL,0),(363,363,'Alfonso X',1,NULL,0),(364,364,'La figura del corregidor',1,NULL,0),(365,365,'1456',0,NULL,0),(366,366,'1356',0,NULL,0),(367,367,'Edad Moderna',0,NULL,0),(368,368,'1456',0,NULL,0),(369,369,'La figura del corregidor',1,NULL,0),(370,370,'Con la conquista de Córdoba',0,NULL,0),(371,371,'Málaga',0,NULL,0),(372,372,'El Principado de Cataluña y los Reinos de Aragón',1,NULL,0),(373,373,'El republicanismo',0,NULL,0),(374,374,'Siglo XIV',1,NULL,0),(375,375,'La batalla de San Pedro',0,NULL,0),(376,376,'Asiáticos',0,NULL,0),(377,377,'Audiencia',0,NULL,0),(378,378,'Código de las partidas',1,NULL,0),(379,379,'Zamora',0,NULL,0),(380,380,'Al Reino de Ávila',0,NULL,0),(381,381,'En La Mancha y Extremadura',1,NULL,0),(382,382,'Importante militar mozárabe',0,NULL,0),(383,383,'Fernando VII y María Cristina de Borbón',1,NULL,1),(384,384,'Alfonso I',0,NULL,0),(385,385,'Navarra',1,NULL,0),(386,386,'1902',0,NULL,0),(387,387,'2 años',1,NULL,0),(388,388,'La muerte de su marido Fernando de Borbón',0,NULL,0),(389,389,'1833 – 1868',1,NULL,0),(390,390,'1886 - 1931',1,NULL,0),(391,391,'La guerra que dio la victoria a España contra Cuba',0,NULL,0),(392,392,'España perdió todas las colonias de Sudamérica',1,NULL,0),(393,393,'El queroseno',0,NULL,0),(394,394,'Hijo de Primo de Rivera y dictador',0,NULL,0),(395,395,'Un sistema de producción óptimo',0,NULL,0),(396,396,'Unificación aduanera',1,NULL,0),(397,397,'Inglaterra',1,NULL,0),(398,398,'Oligopolio',0,NULL,0),(399,399,'Los aranceles',1,NULL,0),(400,400,'Centrada en la producción de tejidos y de artículos de metal',1,NULL,0),(401,401,'Las posibilidades de la agricultura',0,NULL,0),(402,402,'Daniel  Ricardo',0,NULL,0),(403,403,'Textil',1,NULL,0),(404,404,'Inglaterra',1,NULL,0),(405,405,'El precursor del  Islam',0,NULL,0),(406,406,'Carlos II',0,NULL,0),(407,407,'La lucha contra la drogodependencia en el S. XVIII',0,NULL,0),(408,408,'El enfrentamiento por el trono de Roma entre Septimio Cruzado y  Septimio Severo',0,NULL,0),(409,409,'Era un territorio formado  por todo América, que fue conquistada por los judíos',0,NULL,0),(410,410,'1360',0,NULL,0),(411,411,'Felipe IV',0,NULL,0),(412,412,'1815',0,NULL,0),(413,413,'Se hizo unilateralmente en Navarra',0,NULL,0),(414,414,'El gobierno de Madrid anula el régimen foral navarro',0,NULL,0),(415,415,'Anula el régimen foral navarro, pero no el de las provincias vascas',0,NULL,0),(416,416,'Fueron muy problemáticas a finales del siglo XVIII',1,NULL,0),(417,417,'Moderados y progresistas',0,NULL,0),(418,418,'Sí',0,NULL,0),(419,419,'Defender su estatus de reino',1,NULL,0),(420,420,'En los campesinos',0,NULL,0),(421,421,'La sociedad estamental, el poder de la iglesia y los fueros',1,NULL,0),(422,422,'26-mayo-722',0,NULL,0),(423,423,'Victoria asturiana frente a la invasión árabe',1,NULL,0),(424,424,'Primer Emir independiente de Córdoba',1,NULL,0),(425,425,'Derrocar a Napoleón',1,NULL,0),(426,426,'15-julio-1212',0,NULL,0),(427,427,'1787 – 1789',1,NULL,0),(428,428,'A las Cortes de Cádiz',0,NULL,0),(429,429,'Soberanía Nacional, División de Poderes, Declaración de Igualdad',1,NULL,0),(430,430,'1 de abril de 1936',0,NULL,0),(431,431,'3',0,NULL,0),(432,432,'1-febrero-1873',1,NULL,0),(433,433,'1923 – 1930',1,NULL,0),(434,434,'1936 – 1939',1,NULL,0),(435,435,'Primo de Rivera',0,NULL,0),(436,436,'Toledo',0,NULL,0),(437,437,'Tiene los precios más bajos que cualquier otra clase de mercado.',1,NULL,0),(438,438,'En el número de demandantes.',0,NULL,0),(439,439,'Produce un exceso de demanda que puede llevar a la aparición de un mercado negro.',0,NULL,0),(440,440,'Tendrá una elasticidad precio de la oferta muy reducida.',0,NULL,0),(441,441,'Producen un aumento de la demanda de los transportes por carretera.',0,NULL,0),(442,442,'Se altere el precio de los automóviles.',0,NULL,0),(443,443,'Disminuye el precio del producto.',0,NULL,0),(444,444,'Que bajen los precios y las cantidades vendidas.',0,NULL,0),(445,445,'Aumenta el precio y la cantidad de equilibrio.',1,NULL,0),(446,446,'El precio tenderá a incrementarse.',1,NULL,0),(447,447,'Una reducción de los precios y de la producción en el sector de la restauración.',0,NULL,0),(448,448,'El precio tenderá a incrementarse.',0,NULL,0),(449,449,'Su demanda va a disminuir.',0,NULL,0),(450,450,'Al incrementarse los precios de uno se incrementa la oferta del otro.',0,NULL,0),(451,451,'Se producirá un movimiento ascendente a lo largo de la actual curva de demanda.',0,NULL,0),(452,452,'Inferior.',1,NULL,0),(453,453,'Se incrementan los  abrigos vendidos, pero baja su precio.',0,NULL,0),(454,454,'La dotación de factores de la empresa.',0,NULL,0),(455,455,'No tiene ningún efecto sobre la curva de costes.',0,NULL,0),(456,456,'El producto total decrece.',1,NULL,0),(457,457,'Son superiores a las que se dan en el interior de los países.',1,NULL,0),(458,458,'Se tendrá que vender poco para dejar de tener pérdidas.',0,NULL,0),(459,459,'Aumenta.',1,NULL,0),(460,460,'Los costes marginales son crecientes y decrecientes.',1,NULL,0),(461,461,'Dependen de los costes fijos y de los costes variables.',0,NULL,0),(462,462,'Al punto en el que la producción total es máxima.',1,NULL,0),(463,463,'El ingreso total es máximo.',0,NULL,0),(464,464,'Es siempre decreciente.',0,NULL,0),(465,465,'Trasladará la función de producción hacia abajo.',0,NULL,0),(466,466,'Consiste en que los empresarios intentan tener el máximo de ingresos posible.',0,NULL,0),(467,467,'Para quién, qué y cómo producir.',1,NULL,0),(468,468,'La libertad económica y la eficiencia de su funcionamiento.',1,NULL,0),(469,469,'Una asignación de recursos inalcanzable.',1,NULL,0),(470,470,'Una disminución de los precios de los factores de producción.',0,NULL,0),(471,471,'Tierra, por su utilización en el campo.',0,NULL,0),(472,472,'El precio se mantendrá constante.',0,NULL,0),(473,473,'El precio tenderá a disminuir.',1,NULL,0),(474,474,'Mi coste de oportunidad será una solución ineficiente.',0,NULL,0),(475,475,'Tenemos que satisfacer necesidades con unos recursos escasos.',1,NULL,0),(476,476,'Son siempre públicos.',0,NULL,0),(477,477,'Son las familias, las empresas, los individuos y el Estado.',1,NULL,0),(478,478,'La existencia de bienes libres.',0,NULL,0),(479,479,'Son las mismas para todos los seres humanos.',1,NULL,0),(480,480,'No tiene nada que ver con tomar decisiones económicas.',0,NULL,0),(481,481,'Es una zona de libre comercio.',0,NULL,0),(482,482,'No existen aranceles para los productos de los países integrantes.',1,NULL,0),(483,483,'La política agraria comunitaria.',1,NULL,0),(484,484,'Se da cuando hay crecimiento económico.',0,NULL,0),(485,485,'Están en su nivel más bajo de la historia.',0,NULL,0),(486,486,'El Banco Mundial.',0,NULL,0),(487,487,'Es una de las características de los países en vías de desarrollo.',0,NULL,0),(488,488,'Baja esperanza de vida.',0,NULL,0),(489,489,'a piece of',0,NULL,0),(490,490,'work',1,NULL,0),(491,491,'spent',0,NULL,0),(492,492,'up',0,NULL,0),(493,493,'change',1,NULL,0),(494,494,'her',0,NULL,0),(495,495,'me',0,NULL,0),(496,496,'which',0,NULL,0),(497,497,'them',0,NULL,0),(498,498,'hear',1,NULL,0),(499,499,'can',0,NULL,0),(500,500,'must',1,NULL,0),(501,501,'for',0,NULL,0),(502,502,'press',0,NULL,0),(503,503,'paper',0,NULL,0),(504,504,'swears',1,NULL,0),(505,505,'invests',0,NULL,0),(506,506,'arrive',0,NULL,0),(507,507,'own',0,NULL,0),(508,508,'have you done',0,NULL,0),(509,509,'used live',0,NULL,0),(510,510,'have been driving',1,NULL,0),(511,511,'a few',0,NULL,0),(512,512,'tell',0,NULL,0),(513,513,'must',1,NULL,0),(514,514,'is the library?',0,NULL,0),(515,515,'are',0,NULL,0),(516,516,'do we',0,NULL,0),(517,517,'am not',0,NULL,0),(518,518,'such',0,NULL,0),(519,519,'from',0,NULL,0),(520,520,'most good',0,NULL,0),(521,521,'too',0,NULL,0),(522,522,'worth',0,NULL,0),(523,523,'for',1,NULL,0),(524,524,'for',0,NULL,0),(525,525,'will he',0,NULL,0),(526,526,'that',1,NULL,0),(527,527,'that I move',0,NULL,0),(528,528,'for getting',1,NULL,0),(529,529,'to find',0,NULL,0),(530,530,'suit',0,NULL,0),(531,531,'tight',1,NULL,0),(532,532,'put',0,NULL,0),(533,533,'out',0,NULL,0),(534,534,'a',1,NULL,0),(535,535,'on',0,NULL,0),(536,536,'over',0,NULL,0),(537,1,'Tiene una empresa líder que toma decisiones sin tener en cuenta a los demás.',0,NULL,0),(538,2,'Producen un bien que no está claramente diferenciado.',0,NULL,0),(539,3,'Verdadera.',1,NULL,0),(540,4,'Es la tasa natural de desempleo.',0,NULL,0),(541,5,'Es menos beneficioso para los consumidores que el mercado de competencia perfecta.',1,NULL,0),(542,6,'Son comparables con los datos de empleo del resto de países de la Unión Europea.',1,NULL,0),(543,7,'Es siempre menor que la tasa de actividad.',0,NULL,0),(544,8,'Aquellos que no tienen empleo pero están en edad de trabajar.',0,NULL,0),(545,9,'No incluye los impuestos indirectos.',0,NULL,0),(546,10,'La seguridad del abastecimiento.',1,NULL,0),(547,11,'El crecimiento de los precios en la Unión Europea.',0,NULL,0),(548,12,'Las amortizaciones.',1,NULL,0),(549,13,'Suele ser mayor que el PIB a precios de mercado.',0,NULL,0),(550,14,'No tiene en cuenta la inflación.',0,NULL,0),(551,15,'Nos es imposible hallar el deflactor del PIB de ese año.',0,NULL,0),(552,16,'Regular la actividad económica.',0,NULL,0),(553,17,'La política fiscal.',0,NULL,0),(554,18,'Pueden catalogarse como males públicos.',0,NULL,0),(555,19,'El gasto en educación.',0,NULL,0),(556,20,'Se incrementa cuando paga más impuestos.',0,NULL,0),(557,21,'Bajan los tipos de interés.',0,NULL,0),(558,22,'Será mayor cuando menor sea la renta de un determinado país.',0,NULL,0),(559,23,'Traslada la demanda agregada a la izquierda.',1,NULL,0),(560,24,'Se paga mayor porcentaje cuando más renta se tiene.',1,NULL,0),(561,25,'Afecta a la demanda de dinero.',0,NULL,0),(562,26,'Se financia a través de la emisión de dinero por parte del Banco Central Europeo.',0,NULL,0),(563,27,'En momentos de recesión económica.',0,NULL,0),(564,28,'Mayor es la propensión marginal a consumir.',1,NULL,0),(565,29,'Afecta positivamente a la demanda agregada.',0,NULL,0),(566,30,'El gasto público puede mejorar las infraestructuras.',0,NULL,0),(567,31,'Nunca.',0,NULL,0),(568,32,'No afecta al efecto multiplicador.',1,NULL,0),(569,33,'Salen más caras que las tarjetas de crédito.',0,NULL,0),(570,34,'Depósito de valor.',0,NULL,0),(571,35,'Menores que el Euribor.',0,NULL,0),(572,36,'Disminuyendo los precios y la producción.',0,NULL,0),(573,37,'De las decisiones de los respectivos gobiernos nacionales.',0,NULL,0),(574,38,'Disminuye.',0,NULL,0),(575,39,'Las Cajas de Ahorro',0,NULL,0),(576,40,'El crecimiento económico.',0,NULL,0),(577,41,'La Rentabilidad puede ser Fija o Variable',0,NULL,0),(578,42,'Si baja el Tipo de Interés, los inversores salen de la Bolsa',0,NULL,0),(579,43,'Suele ser menor que el PIB a precios de mercado.',1,NULL,0),(580,44,'Introduce la renta de los españoles en el extranjero.',0,NULL,0),(581,45,'El crecimiento de los precios en la Unión Europea.',0,NULL,0),(582,46,'Es siempre mayor que el nominal.',0,NULL,0),(583,47,'Las importaciones se encarecerían',0,NULL,0),(584,48,'El diferencial de tipos de interés',0,NULL,0),(585,49,'Es una consecuencia no deseada del funcionamiento del mercado.',1,NULL,0),(586,50,'Ofrecer bienes y servicios para satisfacer necesidades.',1,NULL,0),(587,51,'La educación.',0,NULL,0),(588,52,'La política de rentas.',0,NULL,0),(589,53,'Potencia la competencia entre las empresas que participan en ella.',0,NULL,0),(590,54,'Felipe III',1,NULL,0),(591,55,'1967',0,NULL,0),(592,56,'Van paralelos a la globalización pero sin relación.',0,NULL,0),(593,57,'Alarico, rey de los visigodos',0,NULL,0),(594,58,'A los musulmanes que dominaban Tierra Santa.',0,NULL,0),(595,59,'Abdicó en su sobrino Égica',0,NULL,0),(596,60,'Enola Gay',1,NULL,0),(597,61,'Recadero',1,NULL,0),(598,62,'El Felón',0,NULL,0),(599,63,'Abd el-Krim',1,NULL,0),(600,64,'Normandía.',0,NULL,0),(601,65,'474 d.C.',1,NULL,0),(602,66,'Fueron cedidas a los EE.UU tras la guerra de Cuba.',0,NULL,0),(603,67,'El bloqueo comercial de España a los productos norteamericanos.',0,NULL,0),(604,68,'En cuanto a su propio ser',0,NULL,0),(605,69,'Sirven para definir el movimiento',1,NULL,0),(606,70,'Nombra el ser intrínseco de las cosas',0,NULL,0),(607,71,'Trata del conocimiento de los objetos',0,NULL,0),(608,72,'Refutación a Pitágoras y El Simoposium',0,NULL,0),(609,73,'A principios del S. III a.C',0,NULL,0),(610,74,'Sócrates',0,NULL,0),(611,75,'Estagira (Macedonia)',1,NULL,0),(612,76,'Estética, Dialéctica y Psicología',0,NULL,0),(613,77,'Explicar el origen del mundo en ambos casos',0,NULL,0),(614,78,'Sólo se conservan algunas',0,NULL,0),(615,79,'Obras teatrales con Sócrates de protagonista',0,NULL,0),(616,80,'Aristóteles',0,NULL,0),(617,81,'Los Cínicos',0,NULL,0),(618,82,'427-347 ac',0,NULL,0),(619,83,'Freud',0,NULL,0),(620,84,'Pitágoras',1,NULL,0),(621,85,'Ser un buen filósofo',0,NULL,0),(622,86,'Los argumentos',0,NULL,0),(623,87,'Tales de Mileto',0,NULL,0),(624,88,'Adivinar',0,NULL,0),(625,89,'Argumental',0,NULL,0),(626,90,'Hombre',0,NULL,0),(627,91,'Platón',0,NULL,0),(628,92,'Amor',0,NULL,0),(629,93,'Luke',0,NULL,0),(630,94,'Descartes',0,NULL,0),(631,95,'Crear pensamientos de cualquier cosa en los individuos',0,NULL,0),(632,96,'Método cartesiano',0,NULL,0),(633,97,'Guías',0,NULL,0),(634,98,'Tales de Mileto',0,NULL,0),(635,99,'Método cartesiano',0,NULL,0),(636,100,'Método cartesiano',1,NULL,0),(637,101,'Ontología',0,NULL,0),(638,102,'Método cartesiano',0,NULL,0),(639,103,'Ontología',1,NULL,0),(640,104,'Ontología',0,NULL,0),(641,105,'Método cartesiano',0,NULL,0),(642,106,'Platón',1,NULL,0),(643,107,'Ortega y Gasset',0,NULL,0),(644,108,'Spinoza',0,NULL,0),(645,109,'Método de análisis del discurso',1,NULL,0),(646,110,'Nietzsche',0,NULL,0),(647,111,'Empírico',1,NULL,0),(648,112,'Empírico',0,NULL,0),(649,113,'Método empírico',0,NULL,0),(650,114,'Ciencia',1,NULL,0),(651,115,'La ética',0,NULL,0),(652,116,'Ciencia',0,NULL,0),(653,117,'De un concepto',0,NULL,0),(654,118,'Estética',0,NULL,0),(655,119,'Filosofía de la ciencia',0,NULL,0),(656,120,'Filosofía de la ciencia',1,NULL,0),(657,121,'Está supeditado a ideas religiosas',0,NULL,0),(658,122,'Filosofía de la ciencia',0,NULL,0),(659,123,'Axiología',0,NULL,0),(660,124,'Rene descartes',0,NULL,0),(661,125,'del leguaje',0,NULL,0),(662,126,'Silogismo',0,NULL,0),(663,127,'Ser intelectual',0,NULL,0),(664,128,'Descartes',0,NULL,0),(665,129,'Las ideas',0,NULL,0),(666,130,'Mundo sensible y  mundo de las ideas',1,NULL,0),(667,131,'Cambiar el mundo',1,NULL,0),(668,132,'De lo particular a lo universal',1,NULL,0),(669,133,'La idea de Bien',1,NULL,0),(670,134,'Si no existen distinciones entre guardianes, gobernantes y productores',0,NULL,0),(671,135,'La timocracia',1,NULL,0),(672,136,'La forma (substancial) se corresponde con la naturaleza o la esencia de cada cosa',0,NULL,0),(673,137,'Única',1,NULL,0),(674,138,'Materia y forma y también en acto y  en potencia',1,NULL,0),(675,139,'Acto puro, o causa encausada que dinamiza el universo',1,NULL,0),(676,140,'Accidental',0,NULL,0),(677,141,'Dos causas: material y formal',0,NULL,0),(678,142,'Conocer las substancias primeras a partir de las substancias segundas',0,NULL,0),(679,143,'Imaginación, sensación, experiencia y conocimiento',0,NULL,0),(680,144,'La felicidad',1,NULL,0),(681,145,'Vegetativa, racional y sensorial',0,NULL,0),(682,146,'Aristóteles',1,NULL,0),(683,147,'Por la actividad intelectual',0,NULL,0),(684,148,'Las ideas innatas',0,NULL,0),(685,149,'San Agustín',1,NULL,0),(686,150,'Son a posteriori',1,NULL,0),(687,151,'Es un don que nos da Dios para que podamos elegir entre el camino del bien y el camino del mal',1,NULL,0),(688,152,'No es una, sino que se distinguen las verdades de fe y de razón',0,NULL,0),(689,153,'La ley positiva',0,NULL,0),(690,154,'La intuición, el análisis, la enumeración y la síntesis',0,NULL,0),(691,155,'Consiste en analizar la realidad para llegar a verdades universales',0,NULL,0),(692,156,'La existencia de un genio maligno y el engaño de los sentidos.',0,NULL,0),(693,157,'Hume',0,NULL,0),(694,158,'Adventicias, facticias e innatas.',0,NULL,0),(695,159,'La res extensa',0,NULL,0),(696,160,'La glándula pineal',1,NULL,0),(697,161,'No existe diferencia entre alma y cuerpo',0,NULL,0),(698,162,'La justicia',0,NULL,0),(699,163,'Sensaciones y pensamientos',0,NULL,0),(700,164,'Hume',0,NULL,0),(701,165,'Poder afirmar de que impresión o impresiones deriva una idea.',1,NULL,0),(702,166,'Analíticos a priori',0,NULL,0),(703,167,'Hábito o costumbre',1,NULL,0),(704,168,'Locke',0,NULL,0),(705,169,'Virtud y felicidad',0,NULL,0),(706,170,'Marx',0,NULL,0),(707,171,'Marx',0,NULL,0),(708,172,'La actividad práctica',0,NULL,0),(709,173,'Toda la realidad vuelve hacia la primera causa encausada.',0,NULL,0),(710,174,'Pedagogía',0,NULL,0),(711,175,'El cuerpo impide que podamos recordar el conocimiento del mundo de las ideas.',0,NULL,0),(712,176,'Estructuralismo',0,NULL,0),(713,177,'Estagira (Macedonia)',0,NULL,0),(714,178,'Felicidad, justicia',1,NULL,0),(715,179,'En el S. IV a.C',1,NULL,0),(716,180,'Calderón de la Barca',0,NULL,0),(717,181,'1790-1850',0,NULL,0),(718,182,'1815',0,NULL,0),(719,183,'El Marqués de Villena',1,NULL,0),(720,184,'Benito Pérez Galdós',0,NULL,0),(721,185,'Jose María de Pereda',0,NULL,0),(722,186,'Guerra y Paz',0,NULL,0),(723,187,'Charles Dickens',0,NULL,0),(724,188,'Fedor Dostoievski',0,NULL,0),(725,189,'Rosalía de Castro',0,NULL,0),(726,190,'Rosalía de Castro',0,NULL,0),(727,191,'Romántico',1,NULL,0),(728,192,'1850-1895',0,NULL,0),(729,193,'Naturaleza',0,NULL,0),(730,194,'La mirada',0,NULL,0),(731,195,'Francia',0,NULL,0),(732,196,'XIX',1,NULL,0),(733,197,'La exaltación de la libertad y del amor',0,NULL,0),(734,198,'Prosa',1,NULL,0),(735,199,'La política y la sociedad',0,NULL,0),(736,200,'Claves líricas',0,NULL,0),(737,201,'En el encinar',0,NULL,0),(738,202,'Poeta',0,NULL,0),(739,203,'Del 21',0,NULL,0),(740,204,'Poesía',1,NULL,0),(741,205,'Ensayos',1,NULL,0),(742,206,'Machado',0,NULL,0),(743,207,'Pio Baroja',0,NULL,0),(744,208,'Rubén Darío',1,NULL,0),(745,209,'Argentina',0,NULL,0),(746,210,'De una enfermedad',0,NULL,0),(747,211,'Surrealista',0,NULL,0),(748,212,'Realismo',0,NULL,0),(749,213,'La sombra del ciprés es alargada',0,NULL,0),(750,214,'1878-1938',0,NULL,0),(751,215,'Álvarez Quintero',0,NULL,0),(752,216,'El adulterio',1,NULL,0),(753,217,'Hombre y Dios',0,NULL,0),(754,218,'Futurismo, cubismo, expresionismo, dadaísmo, surrealismo',1,NULL,0),(755,219,'Ramón Pérez de Alaya',0,NULL,0),(756,220,'La lírica',0,NULL,0),(757,221,'Generación del 27',0,NULL,0),(758,222,'Novecentismo',1,NULL,0),(759,223,'Autobiografías de autores',0,NULL,0),(760,224,'Mario Vargas Llosa',0,NULL,0),(761,225,'El Llano  en llamas',0,NULL,0),(762,226,'Argentino',0,NULL,0),(763,227,'Boom',1,NULL,0),(764,228,'Mario Vargas Llosa',1,NULL,0),(765,229,'Invención',0,NULL,0),(766,230,'Narrativa Hispanoamericana',1,NULL,0),(767,231,'Un género literario que inventaron a finales del siglo XX',0,NULL,0),(768,232,'Los 50',0,NULL,0),(769,233,'Antonio Machado',0,NULL,0),(770,234,'Alegría y sencillez para esconder el dolor por la guerra civil.',0,NULL,0),(771,235,'Fermin Cabal',0,NULL,0),(772,236,'Pio Baroja',0,NULL,0),(773,237,'Miguel Mihura',1,NULL,0),(774,238,'Palabras tomadas de otras lenguas',0,NULL,0),(775,239,'Consta de dos o más lexemas',0,NULL,0),(776,240,'Expresa la persona, animal o cosa que se beneficia o perjudica de la acción del verbo',1,NULL,0),(777,241,'Cuando al emitir un enunciado no aparece el verbo',0,NULL,0),(778,242,'Conjunto de palabras que tiene como núcleo un adverbio',0,NULL,0),(779,243,'Grupo de frases cuyo núcleo es el complemento',0,NULL,0),(780,244,'Negativas, imperativas, desiderativas, de opinión, interrogativas y exclamativas',0,NULL,0),(781,245,'El emisor expresa incertidumbre, por lo que no asume la total veracidad del contenido del enunciado',1,NULL,0),(782,246,'Consiste en reemplazar un elemento por otro',0,NULL,0),(783,247,'Omisión de un elemento del enunciado que se sobreentiende',1,NULL,0),(784,248,'Un mecanismo lingüístico que señala la intención del texto',0,NULL,0),(785,249,'El enunciado y el párrafo',1,NULL,0),(786,250,'Descriptivo, analista, argumentativo, noticioso y prescriptivo',0,NULL,0),(787,251,'Palabras que se escriben igual',0,NULL,0),(788,252,'Palabra que no tiene significado',0,NULL,0),(789,253,'Es el significado subjetivo de una palabra, aparece en los diccionarios y es común a todos los hablantes de una lengua.',0,NULL,0),(790,254,'Palabras nuevas que nacen',1,NULL,0),(791,255,'Simples, parasintéticas y derivadas',0,NULL,0),(792,256,'Inductiva, paralela, analítica y triangular',0,NULL,0),(793,257,'Son proposiciones que se mantienen aisladas',0,NULL,0),(794,258,'Científicos',1,NULL,0),(795,259,'Es la que centra la atención de la comunicación en el canal',1,NULL,0),(796,260,'Es la que centra la atención de la comunicación en el canal',0,NULL,0),(797,261,'Corrección, subjetividad y apreciación',0,NULL,0),(798,262,'Unidad lingüística perteneciente a otras unidades lingüísticas',0,NULL,0),(799,263,'Una forma literaria',1,NULL,0),(800,264,'Una forma literaria',0,NULL,0),(801,265,'Una forma literaria',0,NULL,0),(802,266,'Una forma literaria',1,NULL,0),(803,267,'Una forma literaria',0,NULL,0),(804,268,'El autor-narrador forma parte de la obra',0,NULL,0),(805,269,'Expositivo',0,NULL,0),(806,270,'La subjetividad',1,NULL,0),(807,271,'La Lírica, la dramática y la narrativa',1,NULL,0),(808,272,'Emisor, receptor,  mensaje, lector y comunicación',0,NULL,0),(809,273,'Claridad, precisión, brevedad y objetividad',1,NULL,0),(810,274,'Son los que se  hacen mediante encuestas',0,NULL,0),(811,275,'Informativa o explicativa',0,NULL,0),(812,276,'Entrada, cuerpo y final',0,NULL,0),(813,277,'La crónica y la entrevista',0,NULL,0),(814,278,'El editorial, el artículo de opinión y las cartas al director',1,NULL,0),(815,279,'La noticia, el reportaje y la columna',0,NULL,0),(816,280,'that he would smoke',0,NULL,0),(817,281,'you will be',1,NULL,0),(818,282,'has rained',0,NULL,0),(819,283,'always is asking',0,NULL,0),(820,284,'He’s quite keen with Formula 1.',0,NULL,0),(821,285,'he helped her for good.',0,NULL,0),(822,286,'Had we finished on time, we would have gone to the party.',1,NULL,0),(823,287,'How much to Malaga?',0,NULL,0),(824,288,'You needn’t do that, you know.',0,NULL,0),(825,289,'Is Sarah going to school?',1,NULL,0),(826,290,'Are you studying Chinese last summer?',0,NULL,0),(827,291,'I think they are never arriving on time.',0,NULL,0),(828,292,'Rachel has never gone into India.',0,NULL,0),(829,293,'I try to playing soccer every week-end.',0,NULL,0),(830,294,'I am used to have some bread with my lunch.',0,NULL,0),(831,295,'I don’t work next Saturday.',0,NULL,0),(832,296,'When going to visit me are you?',0,NULL,0),(833,297,'I’m practicing',0,NULL,0),(834,298,'to see',1,NULL,0),(835,299,'has been trying',0,NULL,0),(836,300,'review',0,NULL,0),(837,301,'in',0,NULL,0),(838,302,'do you went to cut your hair',0,NULL,0),(839,303,'run out of',1,NULL,0),(840,304,'higher',0,NULL,0),(841,305,'was looking',0,NULL,0),(842,306,'on',0,NULL,0),(843,307,'hasn’t been staying',0,NULL,0),(844,308,'caught',1,NULL,0),(845,309,'should go',0,NULL,0),(846,310,'where does he work',0,NULL,0),(847,311,'hard',1,NULL,0),(848,312,'took',0,NULL,0),(849,313,'selfish',0,NULL,0),(850,314,'could',0,NULL,0),(851,315,'who’s',0,NULL,0),(852,316,'was robbed',0,NULL,0),(853,317,'got used to drink',0,NULL,0),(854,318,'is won',0,NULL,0),(855,319,'put after',0,NULL,0),(856,320,'jumped',0,NULL,0),(857,321,'Fernando VII',0,NULL,0),(858,322,'El discípulo más aventajado de Wagner',0,NULL,0),(859,323,'1703',0,NULL,0),(860,324,'Atenas',0,NULL,0),(861,325,'La cesión de la Florida a los EE.UU.',0,NULL,0),(862,326,'La pólvora y la astrología',0,NULL,0),(863,327,'Francia',1,NULL,0),(864,328,'Miembro del PSOE durante la I República.',0,NULL,0),(865,329,'El emperador Valentiniano',1,NULL,0),(866,330,'Los judíos que vivían en tierras musulmanas',0,NULL,0),(867,331,'Buffalo Bill',0,NULL,0),(868,332,'793',1,NULL,0),(869,333,'Inglaterra y Escocia',0,NULL,0),(870,334,'El asirio',1,NULL,0),(871,335,'1910-1915',0,NULL,0),(872,336,'Platón.',0,NULL,0),(873,337,'El secuestro del embajador norteamericano en Saigón.',0,NULL,0),(874,338,'Fenicio',1,NULL,0),(875,339,'Ganadería',0,NULL,0),(876,340,'Gárgoris',0,NULL,0),(877,341,'Norte de África',0,NULL,0),(878,342,'Islas Baleares',1,NULL,0),(879,343,'Repartió la propiedad pero no solucionó el problema',1,NULL,0),(880,344,'Despotismo ilustrado',0,NULL,0),(881,345,'Intransigentes y transaccionistas',1,NULL,0),(882,346,'Favorece el desarrollo económico',0,NULL,0),(883,347,'La nobleza',0,NULL,0),(884,348,'América',0,NULL,0),(885,349,'Entre el paleolítico y el neolítico',1,NULL,0),(886,350,'Beneficiar a los grupos privilegiados',0,NULL,0),(887,351,'Hace 150 millones de años',0,NULL,0),(888,352,'La sedentarización de la sociedad',0,NULL,0),(889,353,'Cuando la tierra se formó.',0,NULL,0),(890,354,'Establece el sufragio universal a partir de los 18 años.',1,NULL,0),(891,355,'1905',0,NULL,0),(892,356,'Cádiz',0,NULL,0),(893,357,'1968',0,NULL,0),(894,358,'Prim',1,NULL,0),(895,359,'756',0,NULL,0),(896,360,'En Gerona',0,NULL,0),(897,361,'Siglo VII',0,NULL,0),(898,362,'Almohades',1,NULL,0),(899,363,'Alfonso I',0,NULL,0),(900,364,'La figura del primer ministro',0,NULL,0),(901,365,'1420',0,NULL,0),(902,366,'1348',1,NULL,0),(903,367,'Edad Antigua',0,NULL,0),(904,368,'1420',0,NULL,0),(905,369,'La figura del primer ministro',0,NULL,0),(906,370,'Con la conquista de los Pirineos',0,NULL,0),(907,371,'Granada',0,NULL,0),(908,372,'Los Reinos de Castilla',0,NULL,0),(909,373,'La violencia',0,NULL,0),(910,374,'Siglo XV',0,NULL,0),(911,375,'La batalla del rio Guadalete',1,NULL,0),(912,376,'Bereberes',1,NULL,0),(913,377,'Condestable',0,NULL,0),(914,378,'Código de Isabel',0,NULL,0),(915,379,'Valladolid',1,NULL,0),(916,380,'Al Reino de Francia',0,NULL,0),(917,381,'En las Islas canarias y Baleares',0,NULL,0),(918,382,'Importante arquitecto',0,NULL,0),(919,383,'Alfonso XII y María Cristina de Borbón',0,NULL,0),(920,384,'Pelayo I',0,NULL,0),(921,385,'Córdoba',0,NULL,0),(922,386,'1869',0,NULL,0),(923,387,'12 años',0,NULL,0),(924,388,'La revolución de La Gloriosa',1,NULL,0),(925,389,'1812 – 1848',0,NULL,0),(926,390,'1902 - 1931',0,NULL,0),(927,391,'La constitución de 1812',0,NULL,0),(928,392,'España perdió Cuba, Puerto Rico y Uruguay',0,NULL,0),(929,393,'La gasolina',0,NULL,0),(930,394,'Hijo de María Cristina y Rey de España',1,NULL,0),(931,395,'Las demandas que vienen de la  maquinización y del ferrocarril',1,NULL,0),(932,396,'Política común',0,NULL,0),(933,397,'Francia',0,NULL,0),(934,398,'Trust',1,NULL,0),(935,399,'Las cooperativas',0,NULL,0),(936,400,'En la producción de barcos',0,NULL,0),(937,401,'Nuevas fuentes de energía como el vapor',1,NULL,0),(938,402,'Adam Smith',1,NULL,0),(939,403,'Agrario',0,NULL,0),(940,404,'Francia',0,NULL,0),(941,405,'La primera ley de los pueblos mesopotámicos',1,NULL,1),(942,406,'Felipe V',1,NULL,0),(943,407,'La guerra entre los españoles y los franceses en el S.XIX',1,NULL,0),(944,408,'El Vía Crucis',0,NULL,0),(945,409,'Era un territorio de España y una parte de África,  conquistado por los musulmanes',1,NULL,0),(946,410,'1430',0,NULL,0),(947,411,'Carlos II',1,NULL,0),(948,412,'1819',0,NULL,0),(949,413,'Lo hizo el Gobierno de Madrid',0,NULL,0),(950,414,'El gobierno de Madrid promete mantener el estatus de reino',0,NULL,0),(951,415,'Abole todos los sistemas forales, convirtiendo estos territorios en provincias',1,NULL,0),(952,416,'Fueron siempre buenas',0,NULL,0),(953,417,'En transaccionistas y reaccionarios',0,NULL,0),(954,418,'No, es el principal líder militar del Carlismo',1,NULL,0),(955,419,'Porque la mayoría de la población es absolutista',0,NULL,0),(956,420,'En la nobleza y la iglesia',0,NULL,0),(957,421,'El despotismo ilustrado',0,NULL,0),(958,422,'22-mayo-722',1,NULL,0),(959,423,'Victoria Árabe frente a la invasión a Asturias',0,NULL,0),(960,424,'Dios griego',0,NULL,0),(961,425,'Napoleón conquistará Reino Unido',0,NULL,0),(962,426,'16-julio-1212',1,NULL,0),(963,427,'1789 – 1792',0,NULL,0),(964,428,'Al  reinado de Isabel II',0,NULL,0),(965,429,'Soberanía Nacional, División de Poderes, Estado Laico,',0,NULL,0),(966,430,'1 de abril de 1939',1,NULL,0),(967,431,'Ninguna',0,NULL,0),(968,432,'29-diciembre-1874',0,NULL,0),(969,433,'1939 – 1975',0,NULL,0),(970,434,'1966 – 1969',0,NULL,0),(971,435,'Manuel Azaña',0,NULL,0),(972,436,'Sevilla',0,NULL,0),(973,437,'Tiene los precios más altos que cualquier otra clase de mercado.',0,NULL,0),(974,438,'En el número de puntos de equilibrio.',0,NULL,0),(975,439,'Produce un exceso de oferta que va  a producir la acumulación de mercancías sin vender.',0,NULL,0),(976,440,'Tendrá una elasticidad precio de la oferta muy alta.',0,NULL,0),(977,441,'Producen un aumento de la oferta de los transportes por carretera.',0,NULL,0),(978,442,'Se altere la renta de los individuos.',1,NULL,0),(979,443,'Disminuye el precio de un bien sustitutivo.',1,NULL,0),(980,444,'Que suban los precios y las cantidades vendidas.',0,NULL,0),(981,445,'Disminuye el precio y la cantidad de equilibrio.',0,NULL,0),(982,446,'El precio tenderá a disminuir.',0,NULL,0),(983,447,'Una reducción de los precios pero un incremento de la producción en el sector de la restauración.',0,NULL,0),(984,448,'El precio se mantendrá constante.',0,NULL,0),(985,449,'Su demanda se va a incrementar.',0,NULL,0),(986,450,'Son dos bienes complementarios.',0,NULL,0),(987,451,'La curva de demanda continuará siendo la misma.',0,NULL,0),(988,452,'Sustitutivo.',0,NULL,0),(989,453,'Se incrementan los abrigos vendidos y también su precio.',0,NULL,0),(990,454,'El precio de los factores productivos.',0,NULL,0),(991,455,'Traslada la curva de costes hacia arriba.',0,NULL,0),(992,456,'El producto marginal coincide con producto medio.',0,NULL,0),(993,457,'Son inferiores a las que se dan en el interior de los países.',0,NULL,0),(994,458,'Se tendrá que vender mucho para dejar de tener pérdidas.',1,NULL,0),(995,459,'Decrece.',0,NULL,0),(996,460,'Los costes marginales son siempre constantes.',0,NULL,0),(997,461,'Son menores que los costes variables.',0,NULL,0),(998,462,'Al punto en el que se maximizan los beneficios.',0,NULL,0),(999,463,'El ingreso total es mínimo.',0,NULL,0),(1000,464,'Es siempre creciente.',0,NULL,0),(1001,465,'No tendrá ninguna consecuencia sobre la función de producción.',0,NULL,0),(1002,466,'Describe el comportamiento real de personas y empresas.',0,NULL,0),(1003,467,'Cuándo, cómo y dónde tengo que adquirir lo que necesito.',0,NULL,0),(1004,468,'La buena repartición de la riqueza entre los que participan en él.',0,NULL,0),(1005,469,'El pleno empleo de los recursos productivos.',0,NULL,0),(1006,470,'Un aumento del consumo de los ciudadanos.',0,NULL,0),(1007,471,'Trabajo, porque requiere un conductor.',0,NULL,0),(1008,472,'El precio tenderá a disminuir.',0,NULL,0),(1009,473,'El precio tenderá a incrementarse',0,NULL,0),(1010,474,'Mi coste de oportunidad será suspender la que no he estudiado.',1,NULL,0),(1011,475,'Los bienes son muy caros.',0,NULL,0),(1012,476,'Los encontramos en abundancia y los podemos utilizar sin límites.',0,NULL,0),(1013,477,'Cuentan con todos los recursos necesarios para producir todos los bienes y  servicios necesarios.',0,NULL,0),(1014,478,'El desarrollo tecnológico.',0,NULL,0),(1015,479,'Son diferentes para cada ser humano.',0,NULL,0),(1016,480,'Es aquello a lo que tenemos que renunciar al tomar una opción determinada.',1,NULL,0),(1017,481,'Es una unión arancelaria.',0,NULL,0),(1018,482,'Existe libre circulación de personas y capitales entre los países integrantes.',0,NULL,0),(1019,483,'La política de cohesión económica y social.',0,NULL,0),(1020,484,'Va ligado a la globalización.',0,NULL,0),(1021,485,'No existen.',0,NULL,0),(1022,486,'La Organización Mundial de Comercio.',1,NULL,0),(1023,487,'Impide afrontar con una cierta seguridad inversiones a largo plazo.',0,NULL,0),(1024,488,'Bajo desempleo.',1,NULL,0),(1025,489,'a few',0,NULL,0),(1026,490,'the work',0,NULL,0),(1027,491,'invested',1,NULL,0),(1028,492,'down',1,NULL,0),(1029,493,'supply',0,NULL,0),(1030,494,'hers',0,NULL,0),(1031,495,'mine',1,NULL,0),(1032,496,'who',1,NULL,0),(1033,497,'their',0,NULL,0),(1034,498,'heard',0,NULL,0),(1035,499,'could',1,NULL,0),(1036,500,'need',0,NULL,0),(1037,501,'of',0,NULL,0),(1038,502,'click',1,NULL,0),(1039,503,'notebook',0,NULL,0),(1040,504,'tells',0,NULL,0),(1041,505,'demands',0,NULL,0),(1042,506,'get',0,NULL,0),(1043,507,'obtain',0,NULL,0),(1044,508,'were you doing',1,NULL,0),(1045,509,'used to living',0,NULL,0),(1046,510,'drive',0,NULL,0),(1047,511,'much',0,NULL,0),(1048,512,'have told',1,NULL,0),(1049,513,'ought',0,NULL,0),(1050,514,'is the library.',0,NULL,0),(1051,515,'eat',0,NULL,0),(1052,516,'shall us',0,NULL,0),(1053,517,'don’t',0,NULL,0),(1054,518,'enough',0,NULL,0),(1055,519,'that',0,NULL,0),(1056,520,'best',1,NULL,0),(1057,521,'such',1,NULL,0),(1058,522,'values',0,NULL,0),(1059,523,'on',0,NULL,0),(1060,524,'in',0,NULL,0),(1061,525,'he will',0,NULL,0),(1062,526,'the',0,NULL,0),(1063,527,'me to move',1,NULL,0),(1064,528,'that she got',0,NULL,0),(1065,529,'we to find',0,NULL,0),(1066,530,'go',0,NULL,0),(1067,531,'smooth',0,NULL,0),(1068,532,'left',1,NULL,0),(1069,533,'on',0,NULL,0),(1070,534,'the',0,NULL,0),(1071,535,'up',1,NULL,0),(1072,536,'off',0,NULL,0),(1073,1,'Las empresas que lo componen bajan el precio cuando una de ellas lo hace también.',0,NULL,0),(1074,2,'A largo plazo se situaran en un lugar en el que conseguirán beneficios extraordinarios.',0,NULL,0),(1075,3,'Falsa.',0,NULL,0),(1076,4,'Es solamente la tasa de desempleo debida al ciclo.',1,NULL,0),(1077,5,'Está apoyado por la legislación comunitaria.',0,NULL,0),(1078,6,'No se utilizan demasiado.',0,NULL,0),(1079,7,'Es siempre cien.',1,NULL,0),(1080,8,'Las personas que tienen edad de trabajar y desean hacerlo.',1,NULL,0),(1081,9,'Incorpora la renta de los españoles en el extranjero.',0,NULL,0),(1082,10,'La equidad.',0,NULL,0),(1083,11,'La bajada de ventas de los automóviles.',1,NULL,0),(1084,12,'Las transferencias del Estado.',0,NULL,0),(1085,13,'Suele ser igual que el PIB a precios de mercado.',0,NULL,0),(1086,14,'Es siempre mayor que el nominal.',0,NULL,0),(1087,15,'Necesitamos conocer el año base para poder sacar alguna conclusión con estas cifras.',0,NULL,0),(1088,16,'Ofrecer bienes y servicios para satisfacer necesidades.',1,NULL,0),(1089,17,'La política monetaria.',0,NULL,0),(1090,18,'Se solucionan a través de políticas fiscales.',0,NULL,0),(1091,19,'El gasto en infraestructuras públicas.',1,NULL,0),(1092,20,'Disminuye a medida que baja la cantidad ahorrada.',0,NULL,0),(1093,21,'Aumenta el PNB.',0,NULL,0),(1094,22,'Se incrementará con unas mejores expectativas empresariales.',1,NULL,0),(1095,23,'Traslada la oferta agregada a la derecha.',0,NULL,0),(1096,24,'Se paga la misma cantidad se tenga la renta que se tenga.',0,NULL,0),(1097,25,'Afecta a la demanda agregada.',0,NULL,0),(1098,26,'Se financia a través de los impuestos.',0,NULL,0),(1099,27,'Para incrementar la producción agregada.',0,NULL,0),(1100,28,'Mayor es el gasto público.',0,NULL,0),(1101,29,'No tiene efecto alguno sobre la demanda agregada.',0,NULL,0),(1102,30,'El gasto público es un componente de la demanda agregada.',0,NULL,0),(1103,31,'Cuando la curva de oferta agregada es vertical.',0,NULL,0),(1104,32,'El efecto final dependerá de la pendiente de la curva de oferta.',0,NULL,0),(1105,33,'Se diferencian de las de crédito en el límite del crédito.',0,NULL,0),(1106,34,'Unidad de cuenta.',0,NULL,0),(1107,35,'Iguales al Euribor',0,NULL,0),(1108,36,'Aumentando los precios y disminuyendo la producción.',0,NULL,0),(1109,37,'Del gasto de cada país.',0,NULL,0),(1110,38,'Todas las respuestas son correctas.',0,NULL,0),(1111,39,'Las Cooperativas de Crédito',0,NULL,0),(1112,40,'La seguridad del abastecimiento.',1,NULL,0),(1113,41,'El Riesgo o la Liquidez',0,NULL,0),(1114,42,'Bolsa y Tipos de Interés no se relacionan',0,NULL,0),(1115,43,'Suele ser igual que el PIB a precios de mercado.',0,NULL,0),(1116,44,'Sustrae la depreciación de los bienes de capital.',1,NULL,0),(1117,45,'La bajada de ventas de los comercios.',1,NULL,0),(1118,46,'Utiliza los precios corrientes.',0,NULL,0),(1119,47,'Los inversores de la zona euro en el exterior podrían resultar beneficiados',0,NULL,0),(1120,48,'El diferencial de crecimiento económico',0,NULL,0),(1121,49,'Tiene efectos negativos sobre las empresas que la sufren.',0,NULL,0),(1122,50,'Estabilizar la economía.',0,NULL,0),(1123,51,'La sanidad.',0,NULL,0),(1124,52,'La política de infraestructuras.',1,NULL,0),(1125,53,'Proporciona todos los bienes necesarios para la sociedad.',0,NULL,0),(1126,54,'Felipe IV',0,NULL,0),(1127,55,'1959',0,NULL,0),(1128,56,'Son la base de la globalización cultural.',0,NULL,0),(1129,57,'Genserico, rey de los vándalos',1,NULL,0),(1130,58,'Al imperio Otomano',1,NULL,0),(1131,59,'Fue derrotado en la batalla de Guadalete',0,NULL,0),(1132,60,'Sayonara Baby',0,NULL,0),(1133,61,'Wamba',0,NULL,0),(1134,62,'El Ilustrado',0,NULL,0),(1135,63,'Almanzor',0,NULL,0),(1136,64,'Sicilia.',0,NULL,0),(1137,65,'410 d.C.',0,NULL,0),(1138,66,'Fueron vendidas a Alemania.',1,NULL,0),(1139,67,'El hundimiento del trasatlántico Lusitania.',0,NULL,0),(1140,68,'En cuanto a sus juicios',0,NULL,0),(1141,69,'Definen la esencia de la Filosofía',0,NULL,0),(1142,70,'Es el principio del estudio de la gramática',0,NULL,0),(1143,71,'Habla sobre la formación del mundo',0,NULL,0),(1144,72,'Teoría sobre el Universo, Espacio y Tiempo',0,NULL,0),(1145,73,'A principios del S. IV a.C',0,NULL,0),(1146,74,'Platón',1,NULL,0),(1147,75,'Asia Menor',0,NULL,0),(1148,76,'Ética, Estética y Retórica',0,NULL,0),(1149,77,'Fedro para explicar la Koinomía y la Caverna para el conocimiento de las cosas',1,NULL,0),(1150,78,'Platón no dejó nada escrito',0,NULL,0),(1151,79,'Unos versos en los que el protagonista suele ser Sócrates',0,NULL,0),(1152,80,'Filóstrato',0,NULL,0),(1153,81,'Los Estoicos',0,NULL,0),(1154,82,'384-322 ac',0,NULL,0),(1155,83,'Sócrates',0,NULL,0),(1156,84,'Sócrates',0,NULL,0),(1157,85,'Creer que la ciencia no existe',0,NULL,0),(1158,86,'La ontología',1,NULL,0),(1159,87,'Pitágoras',1,NULL,0),(1160,88,'Argumentar',1,NULL,0),(1161,89,'Ontología',0,NULL,0),(1162,90,'Bestia',0,NULL,0),(1163,91,'Wilhelm Hegel',0,NULL,0),(1164,92,'Amor a la sabiduría',1,NULL,0),(1165,93,'Pitágoras',0,NULL,0),(1166,94,'Hume',0,NULL,0),(1167,95,'Los conocimientos científicos',0,NULL,0),(1168,96,'Método crítico',0,NULL,0),(1169,97,'Métodos',1,NULL,0),(1170,98,'Séneca',0,NULL,0),(1171,99,'Método crítico',1,NULL,0),(1172,100,'Método crítico',0,NULL,0),(1173,101,'Fisiología',0,NULL,0),(1174,102,'Método crítico',0,NULL,0),(1175,103,'Libertad',0,NULL,0),(1176,104,'Fenomenología',0,NULL,0),(1177,105,'Método crítico',0,NULL,0),(1178,106,'Georg Wilhem',0,NULL,0),(1179,107,'George Wilhem',1,NULL,0),(1180,108,'Heidegger',0,NULL,0),(1181,109,'Método desconstruccionalista',0,NULL,0),(1182,110,'Georg Wilhem',0,NULL,0),(1183,111,'Sintáctico',0,NULL,0),(1184,112,'Sintáctico',0,NULL,0),(1185,113,'Método critico',0,NULL,0),(1186,114,'Ética',0,NULL,0),(1187,115,'La ontología',1,NULL,0),(1188,116,'Cultura',0,NULL,0),(1189,117,'De gnoseología',0,NULL,0),(1190,118,'Valores',0,NULL,0),(1191,119,'Filosofía política',0,NULL,0),(1192,120,'Filosofía política',0,NULL,0),(1193,121,'No puede participar en la vida política',0,NULL,0),(1194,122,'Filosofía política',0,NULL,0),(1195,123,'Ética',0,NULL,0),(1196,124,'Francis Bacon',0,NULL,0),(1197,125,'de análisis',0,NULL,0),(1198,126,'La tesis',0,NULL,0),(1199,127,'Relacionar ideas entre sí',0,NULL,0),(1200,128,'Pitágoras',0,NULL,0),(1201,129,'El cuerpo',0,NULL,0),(1202,130,'Mundo sensitivo y mundo de las ideas',0,NULL,0),(1203,131,'Conocer los procesos que rigen el conocimiento',0,NULL,0),(1204,132,'De lo universal a lo particular',0,NULL,0),(1205,133,'Dios',0,NULL,0),(1206,134,'Si los guardianes gobiernan la polis',0,NULL,0),(1207,135,'La aristocracia',0,NULL,0),(1208,136,'La materia y la forma están íntimamente relacionadas',1,NULL,0),(1209,137,'Diferenciada entre lo sensible y lo racional',0,NULL,0),(1210,138,'Solo en acto y en potencia',0,NULL,0),(1211,139,'No existe un primer motor inmóvil',0,NULL,0),(1212,140,'Teleológica',1,NULL,0),(1213,141,'Dos causas: una intrínseca y una extrínseca',0,NULL,0),(1214,142,'Abstraer lo universal de lo individual',1,NULL,0),(1215,143,'Sensación, imaginación, experiencia y entendimiento',1,NULL,0),(1216,144,'Ser virtuoso',0,NULL,0),(1217,145,'Sensorial, racional e intelectual',0,NULL,0),(1218,146,'Hume',0,NULL,0),(1219,147,'Mediante el hábito y la contemplación',1,NULL,0),(1220,148,'Las sensaciones',0,NULL,0),(1221,149,'Descartes',0,NULL,0),(1222,150,'Son independientes de la experiencia',0,NULL,0),(1223,151,'Es diferente de la auténtica libertad',0,NULL,0),(1224,152,'Es doble, coincide con el pensamiento del averroísmo latino',0,NULL,0),(1225,153,'La ley natural',0,NULL,0),(1226,154,'El análisis, el razonamiento,  la enumeración y  la síntesis',0,NULL,0),(1227,155,'Consiste en cuestionar todos nuestros conocimientos a fin de hallar alguno que sea seguro e indudable.',1,NULL,0),(1228,156,'El engaño de los sentidos, la imposibilidad de distinguir la realidad de la vigilia o del sueño y la hipótesis del genio maligno.',1,NULL,0),(1229,157,'Sócrates',0,NULL,0),(1230,158,'Res cogitans, res extensa y res infinita',1,NULL,0),(1231,159,'La existencia del alma',0,NULL,0),(1232,160,'No se puede identificar una zona concreta',0,NULL,0),(1233,161,'Coinciden alma y cuerpo en una unión accidental.',1,NULL,0),(1234,162,'La libertad',0,NULL,0),(1235,163,'Ideas y sensaciones',0,NULL,0),(1236,164,'Santo Tomas',0,NULL,0),(1237,165,'Es la capacidad para relacionar ideas',0,NULL,0),(1238,166,'Sintéticos a priori',1,NULL,0),(1239,167,'Experiencia',0,NULL,0),(1240,168,'Kant',1,NULL,0),(1241,169,'La libertad, la inmortalidad del alma y la existencia de Dios',1,NULL,0),(1242,170,'Kant',0,NULL,0),(1243,171,'Kant',1,NULL,0),(1244,172,'La praxis.',1,NULL,0),(1245,173,'Dios es la primera causa de la que se derivan todas las demás.',0,NULL,0),(1246,174,'Sociología',0,NULL,0),(1247,175,'El alma recuerda todo lo relativo al mundo de las ideas',0,NULL,0),(1248,176,'Perspectivismo',1,NULL,0),(1249,177,'Roma',0,NULL,0),(1250,178,'Bien, sociedad',0,NULL,0),(1251,179,'En el S. V a.C',0,NULL,0),(1252,180,'El Marqués de Villena',0,NULL,0),(1253,181,'1800-1850',0,NULL,0),(1254,182,'1750',0,NULL,0),(1255,183,'Felipe IV',0,NULL,0),(1256,184,'Emile Zola',0,NULL,0),(1257,185,'Benito Pérez Galdós',0,NULL,0),(1258,186,'Amadeo I',0,NULL,0),(1259,187,'Fedor Dostoievski',0,NULL,0),(1260,188,'Leon Tolstoi',0,NULL,0),(1261,189,'Gustavo Adolfo Bécquer',0,NULL,0),(1262,190,'Gustavo Adolfo Bécquer',0,NULL,0),(1263,191,'Poético',0,NULL,0),(1264,192,'1835-1975',0,NULL,0),(1265,193,'Vida',0,NULL,0),(1266,194,'Don Álvaro o la fuerza del Sino',1,NULL,0),(1267,195,'España',0,NULL,0),(1268,196,'XVIII',0,NULL,0),(1269,197,'La pasión y el amor libre',0,NULL,0),(1270,198,'Poesía',0,NULL,0),(1271,199,'La educación de la mujer y el adulterio',0,NULL,0),(1272,200,'Sí, soy Guiomar',0,NULL,0),(1273,201,'Las señoritas',0,NULL,0),(1274,202,'Ensayista',0,NULL,0),(1275,203,'Del 98',1,NULL,0),(1276,204,'Lírica',0,NULL,0),(1277,205,'Música',0,NULL,0),(1278,206,'Maeztu',1,NULL,0),(1279,207,'Ramiro de Maeztu',0,NULL,0),(1280,208,'Pío Baroja',0,NULL,0),(1281,209,'Guatemala',0,NULL,0),(1282,210,'Asesinado',1,NULL,0),(1283,211,'Poética',0,NULL,0),(1284,212,'Surrealismo',0,NULL,0),(1285,213,'El marqués de Barradomín',0,NULL,0),(1286,214,'1898-1936',1,NULL,0),(1287,215,'Pedro Muñoz Seca',0,NULL,0),(1288,216,'La muerte',0,NULL,0),(1289,217,'Poemas puros',1,NULL,0),(1290,218,'Todas las respuestas son ciertas',0,NULL,0),(1291,219,'Ortega y Gasset',0,NULL,0),(1292,220,'El drama',0,NULL,0),(1293,221,'El Novecentismo',1,NULL,0),(1294,222,'Los intelectuales',0,NULL,0),(1295,223,'Relatos realistas sobre problemas sociales',1,NULL,0),(1296,224,'Miguel Unamuno',0,NULL,0),(1297,225,'Pedro Páramo',1,NULL,0),(1298,226,'Peruano',0,NULL,0),(1299,227,'Crash',0,NULL,0),(1300,228,'Gabriel García Márquez',0,NULL,0),(1301,229,'Renovación',1,NULL,0),(1302,230,'Teatro Hispanoamericano',0,NULL,0),(1303,231,'Un grupo de escritores del siglo XX',0,NULL,0),(1304,232,'Los 60',0,NULL,0),(1305,233,'Miguel Hernández',0,NULL,0),(1306,234,'Profundo lirismo, la preocupación por el hombre y su realidad y el estilo sencillo y pulcro.',1,NULL,0),(1307,235,'Fernando Arrabal',1,NULL,0),(1308,236,'Miguel Unamuno',0,NULL,0),(1309,237,'Edgar Neville',0,NULL,0),(1310,238,'Formación de palabras por imitación de los ruidos naturales',1,NULL,0),(1311,239,'Combinan un lexema con uno o varios afijos',1,NULL,0),(1312,240,'Señala circunstancias que inciden en la acción verbal',0,NULL,0),(1313,241,'Cuando hay varios sujetos',0,NULL,0),(1314,242,'Conjunto de palabras que tiene como núcleo un sintagma nominal',0,NULL,0),(1315,243,'Grupo de palabras cuyo núcleo es una perífrasis',0,NULL,0),(1316,244,'Enunciativas, de resultado, negativas, interrogativa, dubitativas y exclamativas',0,NULL,0),(1317,245,'Intentan influir en el receptor a través de enunciados impositivos',0,NULL,0),(1318,246,'Consiste en la repetición de unidades lingüísticas relacionadas entre sí por su forma o significado',1,NULL,0),(1319,247,'Repetición de sonidos',0,NULL,0),(1320,248,'Un mecanismo lingüístico que remite que alude a algo enunciado con anterioridad',0,NULL,0),(1321,249,'Las perífrasis',0,NULL,0),(1322,250,'Descriptivo, expositivo, narrativo, argumentativo y prescriptivo',1,NULL,0),(1323,251,'Palabras con significados opuestos',1,NULL,0),(1324,252,'Palabra en la que a su significante le corresponde un solo significado',0,NULL,0),(1325,253,'Es el significado subjetivo de una palabra y es común a todos los hablantes de una lengua.',0,NULL,0),(1326,254,'Palabras que caen en desuso',0,NULL,0),(1327,255,'Negativas, simples y compuestas',0,NULL,0),(1328,256,'Deductiva, expositiva, encuadrada y triangular',0,NULL,0),(1329,257,'Es una forma narrativa',0,NULL,0),(1330,258,'Poéticos',0,NULL,0),(1331,259,'Es la que centra la atención de la comunicación en el mensaje',0,NULL,0),(1332,260,'Es la que centra la atención de la comunicación en el mensaje',0,NULL,0),(1333,261,'Coherencia, apreciación y estilo',0,NULL,0),(1334,262,'Sintagma o agrupación de palabras en torno a un núcleo',0,NULL,0),(1335,263,'Una forma dramática',0,NULL,0),(1336,264,'Una forma dramática',1,NULL,0),(1337,265,'Una forma dramática',1,NULL,0),(1338,266,'Una forma dramática',0,NULL,0),(1339,267,'Una forma dramática',0,NULL,0),(1340,268,'El autor-narrador hace un escrito autobiográfico',0,NULL,0),(1341,269,'El diálogo',1,NULL,0),(1342,270,'La improvisación',0,NULL,0),(1343,271,'La narrativa, la noticia y la lírica',0,NULL,0),(1344,272,'Lector, receptor , canal y comunicación',0,NULL,0),(1345,273,'Precisión, intensidad, objetividad e intensidad',0,NULL,0),(1346,274,'Son  los que ofrecen análisis subjetivos, interpretaciones argumentadas y juicios de valor sobre hechos de actualidad',1,NULL,0),(1347,275,'Expresiva o biográfica',0,NULL,0),(1348,276,'Titular y cuerpo',0,NULL,0),(1349,277,'La columna y la noticia',0,NULL,0),(1350,278,'El artículo de opinión, las cartas al director y la entrevista',0,NULL,0),(1351,279,'La noticia, la crónica y la entrevista',0,NULL,0),(1352,280,'smoking',1,NULL,0),(1353,281,'you are being',0,NULL,0),(1354,282,'has been raining',0,NULL,0),(1355,283,'is always asking',1,NULL,0),(1356,284,'I’m very keen on Formula 1.',1,NULL,0),(1357,285,'he is helping her for good.',0,NULL,0),(1358,286,'Whether we finished on time, we will go to the party.',0,NULL,0),(1359,287,'How far are we from Malaga?',1,NULL,0),(1360,288,'You didn’t do that, you know.',0,NULL,0),(1361,289,'Does she like school?',0,NULL,0),(1362,290,'Have you studied French last summer?',0,NULL,0),(1363,291,'I think they are never arrived on time.',0,NULL,0),(1364,292,'He’s gone often in India.',0,NULL,0),(1365,293,'I’m trying to eat a healthier menu in restaurants.',1,NULL,0),(1366,294,'I usually have some bread with my lunch.',1,NULL,0),(1367,295,'I’m working next Saturday.',0,NULL,0),(1368,296,'When do you visit me?',0,NULL,0),(1369,297,'I study',0,NULL,0),(1370,298,'to be seeing',0,NULL,0),(1371,299,'had applied',1,NULL,0),(1372,300,'check',1,NULL,0),(1373,301,'of',0,NULL,0),(1374,302,'did you cut your hair',0,NULL,0),(1375,303,'run away from',0,NULL,0),(1376,304,'most tall',0,NULL,0),(1377,305,'watched',1,NULL,0),(1378,306,'by',0,NULL,0),(1379,307,'has stayed',1,NULL,0),(1380,308,'had',0,NULL,0),(1381,309,'may go',0,NULL,0),(1382,310,'where works he',0,NULL,0),(1383,311,'hardly',0,NULL,0),(1384,312,'flied',0,NULL,0),(1385,313,'outgoing',1,NULL,0),(1386,314,'was able',1,NULL,0),(1387,315,'who',0,NULL,0),(1388,316,'robbed',0,NULL,0),(1389,317,'was used to drink',0,NULL,0),(1390,318,'was win',0,NULL,0),(1391,319,'put off',1,NULL,0),(1392,320,'slipped',0,NULL,0),(1393,321,'Montesquieu',1,NULL,0),(1394,322,'El cofundador de la Sociedad de Naciones',0,NULL,0),(1395,323,'1789',1,NULL,0),(1396,324,'Troya',0,NULL,0),(1397,325,'La cesión de la Luisiana a los franceses.',1,NULL,0),(1398,326,'La brújula y la escritura',0,NULL,0),(1399,327,'Inglaterra',0,NULL,0),(1400,328,'Escritora gallega',0,NULL,0),(1401,329,'Genserico',0,NULL,0),(1402,330,'Tropas pertenecientes a la Corona de Aragón',1,NULL,0),(1403,331,'El general Caster',1,NULL,0),(1404,332,'867',0,NULL,0),(1405,333,'Prácticamente a toda Europa',1,NULL,0),(1406,334,'El egipcio',0,NULL,0),(1407,335,'1775-1783',0,NULL,0),(1408,336,'Aristóteles.',1,NULL,0),(1409,337,'El asesinato de una misionera norteamericana.',0,NULL,0),(1410,338,'Celta',0,NULL,0),(1411,339,'Orfebrería',0,NULL,0),(1412,340,'Habis',0,NULL,0),(1413,341,'Islas Británicas',0,NULL,0),(1414,342,'Cataluña',0,NULL,0),(1415,343,'Acabó con el atraso agrícola',0,NULL,0),(1416,344,'Los privilegios estamentales',0,NULL,0),(1417,345,'Moderados y progresistas',0,NULL,0),(1418,346,'Fomenta el desarrollo económico a costa de las libertades políticas',1,NULL,0),(1419,347,'La alta burguesía',1,NULL,0),(1420,348,'África',1,NULL,0),(1421,349,'Entre el mundo antiguo y el prehistórico',0,NULL,0),(1422,350,'Se basan en la construcción del ferrocarril',0,NULL,0),(1423,351,'Hace 5 millones de años',1,NULL,0),(1424,352,'El nacimiento de las primeras sociedades civilizadas',1,NULL,0),(1425,353,'Cuando el hombre invento el fuego',0,NULL,0),(1426,354,'Reconoce las libertades democráticas básicas y la libertad religiosa.',0,NULL,0),(1427,355,'1903',0,NULL,0),(1428,356,'Córdoba',1,NULL,0),(1429,357,'1936',0,NULL,0),(1430,358,'Almirante Topete',0,NULL,0),(1431,359,'590',0,NULL,0),(1432,360,'En Barcelona',1,NULL,0),(1433,361,'Siglo XI',0,NULL,0),(1434,362,'Cristianos',0,NULL,0),(1435,363,'Fernando V',0,NULL,0),(1436,364,'La figura del juez',0,NULL,0),(1437,365,'1567',0,NULL,0),(1438,366,'1254',0,NULL,0),(1439,367,'Edad Media',1,NULL,0),(1440,368,'1567',0,NULL,0),(1441,369,'La figura del juez',0,NULL,0),(1442,370,'Con la conquista de Murcia',0,NULL,0),(1443,371,'Lleida',0,NULL,0),(1444,372,'El Reino de Badajoz',0,NULL,0),(1445,373,'El bipartidismo',0,NULL,0),(1446,374,'Siglo XI',0,NULL,0),(1447,375,'La batalla del rio Tajo',0,NULL,0),(1448,376,'Indios',0,NULL,0),(1449,377,'Consejo Real',1,NULL,0),(1450,378,'Código de Castilla',0,NULL,0),(1451,379,'Salamanca',0,NULL,0),(1452,380,'Al Reino de Asturias',1,NULL,0),(1453,381,'En el  norte de Castellón y Teruel',0,NULL,0),(1454,382,'Importante filósofo',1,NULL,0),(1455,383,'Fernando VII y María Isabel de Borbón',0,NULL,0),(1456,384,'Los Reyes Católicos',1,NULL,0),(1457,385,'Condado de Aragón y condado Catalán',0,NULL,0),(1458,386,'1874',1,NULL,0),(1459,387,'22 años',0,NULL,0),(1460,388,'La persecución de los republicanos',0,NULL,0),(1461,389,'1823 – 1853',0,NULL,0),(1462,390,'1886 - 1902',0,NULL,0),(1463,391,'La revolución que se dio durante el reinado de Alfonso XII',0,NULL,0),(1464,392,'España recuperó las colonias perdidas en el reinado anterior',0,NULL,0),(1465,393,'El carbón',1,NULL,0),(1466,394,'Hijo de Isabel II y Rey de España',0,NULL,0),(1467,395,'La bajada de precio de la materia prima',0,NULL,0),(1468,396,'Sociedades avanzadas',0,NULL,0),(1469,397,'Estados Unidos',0,NULL,0),(1470,398,'Carter',0,NULL,0),(1471,399,'Los centros comerciales',0,NULL,0),(1472,400,'En la producción de automóviles',0,NULL,0),(1473,401,'La industria alimentaria',0,NULL,0),(1474,402,'Richard Lipsey',0,NULL,0),(1475,403,'Servicios',0,NULL,0),(1476,404,'Alemania',0,NULL,0),(1477,405,'La ley que prohíbe el transfuguismo político',0,NULL,0),(1478,406,'Felipe VI',0,NULL,0),(1479,407,'La lucha de una hija por salir de casa por la noche',0,NULL,0),(1480,408,'Los pasos peatonales no señalizados',0,NULL,0),(1481,409,'Era un museo que se formó con todos los cuadros importantes del renacimiento',0,NULL,0),(1482,410,'1453',1,NULL,0),(1483,411,'Fernando II',0,NULL,0),(1484,412,'1821',1,NULL,0),(1485,413,'Fue una negociación entre la Diputación Navarra y el Gobierno de Madrid',1,NULL,0),(1486,414,'Confirma los fueros para posteriormente modificarlos',1,NULL,0),(1487,415,'Anula el régimen foral vasco, pero no el navarro',0,NULL,0),(1488,416,'Los Borbones ampliaron el sistema foral navarro',0,NULL,0),(1489,417,'En intransigentes y transaccionistas',1,NULL,0),(1490,418,'No participó en la Guerra Carlista',0,NULL,0),(1491,419,'No apoya el carlismo',0,NULL,0),(1492,420,'En los grupos burgueses urbanos',1,NULL,0),(1493,421,'Los privilegios estamentales',0,NULL,0),(1494,422,'26-mayo-822',0,NULL,0),(1495,423,'Muerte de Don Pelayo en la Invasión Árabe a Asturias',0,NULL,0),(1496,424,'Primer Califa',0,NULL,0),(1497,425,'Napoleón accederá al trono francés',0,NULL,0),(1498,426,'22-junio-1212',0,NULL,0),(1499,427,'1786 – 1789',0,NULL,0),(1500,428,'A la época del Sexenio',0,NULL,0),(1501,429,'Soberanía Popular, División de Poderes, Declaración de Igualdad,',0,NULL,0),(1502,430,'2 de mayo de 1939',0,NULL,0),(1503,431,'2',1,NULL,0),(1504,432,'2-mayo-1868',0,NULL,0),(1505,433,'1893 – 1903',0,NULL,0),(1506,434,'1926 – 1929',0,NULL,0),(1507,435,'El Cid Campeador',0,NULL,0),(1508,436,'Asturias',1,NULL,0),(1509,437,'Tiene unos precios similares a los de cualquier otra clase de mercado.',0,NULL,0),(1510,438,'En el número de oferentes.',1,NULL,0),(1511,439,'Produce un exceso de oferta que lleva a la escasez del producto.',0,NULL,0),(1512,440,'Tendrá una elasticidad precio de la demanda muy alta.',1,NULL,0),(1513,441,'Producen una reducción de la oferta de los transportes por carretera.',1,NULL,0),(1514,442,'Se altere el precio de las materias primas utilizadas en la producción de automóviles.',0,NULL,0),(1515,443,'Disminuye el precio de un  bien complementario.',0,NULL,0),(1516,444,'Que bajen los precios y suban las cantidades vendidas.',0,NULL,0),(1517,445,'Aumenta el precio y disminuye la cantidad de equilibrio.',0,NULL,0),(1518,446,'El precio se mantendrá constante.',0,NULL,0),(1519,447,'Un incremento de los precios y de la producción en el sector de la restauración.',0,NULL,0),(1520,448,'El precio tenderá a disminuir.',1,NULL,0),(1521,449,'Su oferta va a disminuir.',1,NULL,0),(1522,450,'Al incrementarse los precios de uno se incrementa la demanda del otro.',1,NULL,0),(1523,451,'La curva de oferta se desplazará a la derecha.',0,NULL,0),(1524,452,'De primera necesidad.',0,NULL,0),(1525,453,'Disminuyen los abrigos vendidos y su precio.',1,NULL,0),(1526,454,'De la cantidad de factores utilizados y del precio de los mismos.',1,NULL,0),(1527,455,'Traslada la curva de costes hacia abajo.',1,NULL,0),(1528,456,'El producto marginal supera la productividad media.',0,NULL,0),(1529,457,'Son las mismas que se dan en el interior de los países.',0,NULL,0),(1530,458,'Dará igual  pues los costes fijos no influyen en el valor de pérdidas.',0,NULL,0),(1531,459,'Disminuye.',0,NULL,0),(1532,460,'Los costes marginales son siempre decrecientes.',0,NULL,0),(1533,461,'Dependen del uso que se hace de los factores variables.',1,NULL,0),(1534,462,'Al punto en el que se minimizan los costes medios.',0,NULL,0),(1535,463,'El coste total es mínimo.',0,NULL,0),(1536,464,'Es primero decreciente y luego creciente.',0,NULL,0),(1537,465,'Trasladará la función de producción hacia arriba.',1,NULL,0),(1538,466,'Es un sistema que ya no se utiliza.',0,NULL,0),(1539,467,'Qué, cómo y dónde producir.',0,NULL,0),(1540,468,'Que siempre responde correctamente a las necesidades de los consumidores.',0,NULL,0),(1541,469,'Una asignación de recursos muy eficientes.',0,NULL,0),(1542,470,'Un decremento de la población activa.',0,NULL,0),(1543,471,'Empresarial, si el conductor es el propietario del campo.',0,NULL,0),(1544,472,'El precio tenderá a incrementarse.',1,NULL,0),(1545,473,'El precio se mantendrá constante.',0,NULL,0),(1546,474,'Estaré equivocándome seguro.',0,NULL,0),(1547,475,'Nunca existe suficiente dinero.',0,NULL,0),(1548,476,'No nos sirven para satisfacer nuestras necesidades.',0,NULL,0),(1549,477,'Son las familias y los individuos.',0,NULL,0),(1550,478,'La existencia del mercado.',0,NULL,0),(1551,479,'Pueden denominarse también necesidades sociales.',0,NULL,0),(1552,480,'Es el dinero que me gasto al tomar una determinada opción económica',0,NULL,0),(1553,481,'Es un mercado común.',0,NULL,0),(1554,482,'Se elevan las barreras al comercio con respecto a los productos de terceros países.',0,NULL,0),(1555,483,'La política comercial común.',0,NULL,0),(1556,484,'Supone un cambio de estructuras económicas.',1,NULL,0),(1557,485,'Son uno de los problemas más graves de la globalización.',1,NULL,0),(1558,486,'El Acuerdo General de Aranceles y Comercio.',0,NULL,0),(1559,487,'Redunda en unos tipos de interés altos.',0,NULL,0),(1560,488,'Baja renta per cápita.',0,NULL,0),(1561,489,'much',1,NULL,0),(1562,490,'a work',0,NULL,0),(1563,491,'saved',0,NULL,0),(1564,492,'out',0,NULL,0),(1565,493,'cash',0,NULL,0),(1566,494,'herself',1,NULL,0),(1567,495,'my',0,NULL,0),(1568,496,'whose',0,NULL,0),(1569,497,'theirs',1,NULL,0),(1570,498,'hearing',0,NULL,0),(1571,499,'might',0,NULL,0),(1572,500,'have',0,NULL,0),(1573,501,'on',0,NULL,0),(1574,502,'push',0,NULL,0),(1575,503,'file',1,NULL,0),(1576,504,'whispers',0,NULL,0),(1577,505,'exports',1,NULL,0),(1578,506,'reach',1,NULL,0),(1579,507,'cost',0,NULL,0),(1580,508,'are you doing',0,NULL,0),(1581,509,'was used to live',0,NULL,0),(1582,510,'am driving',0,NULL,0),(1583,511,'few',0,NULL,0),(1584,512,'to tell',0,NULL,0),(1585,513,'can’t',0,NULL,0),(1586,514,'the library is?',0,NULL,0),(1587,515,'have',0,NULL,0),(1588,516,'shall we',1,NULL,0),(1589,517,'aren’t',1,NULL,0),(1590,518,'too',0,NULL,0),(1591,519,'with',0,NULL,0),(1592,520,'better',0,NULL,0),(1593,521,'enough',0,NULL,0),(1594,522,'deserves',1,NULL,0),(1595,523,'about',0,NULL,0),(1596,524,'out',0,NULL,0),(1597,525,'would he',0,NULL,0),(1598,526,'this',0,NULL,0),(1599,527,'to move to me',0,NULL,0),(1600,528,'to get',0,NULL,0),(1601,529,'for finding',0,NULL,0),(1602,530,'match',1,NULL,0),(1603,531,'rough',0,NULL,0),(1604,532,'went',0,NULL,0),(1605,533,'in',0,NULL,0),(1606,534,'an',0,NULL,0),(1607,535,'over',0,NULL,0),(1608,536,'up',0,NULL,0),(1609,1,'Ninguna empresa toma en cuenta lo que hacen las de la competencia para tomar sus decisiones.',0,NULL,0),(1610,2,'Son muy numerosas.',1,NULL,0),(1611,3,'Estará en desequilibrio hasta que gane dinero.',0,NULL,0),(1612,4,'Se da cuando hay una producción inferior a la de pleno empleo.',0,NULL,0),(1613,5,'Ninguna de las respuestas es correcta.',0,NULL,0),(1614,6,'Se extraen de las personas que se registran en el desempleo.',0,NULL,0),(1615,7,'Puede dar cualquier cifra.',0,NULL,0),(1616,8,'Toda la población menos los discapacitados.',0,NULL,0),(1617,9,'Sustrae la depreciación de los bienes de capital.',1,NULL,0),(1618,10,'El crecimiento económico.',0,NULL,0),(1619,11,'El desempleo de un país.',0,NULL,0),(1620,12,'Los intereses de la deuda pública.',0,NULL,0),(1621,13,'No tiene ninguna relación con el PIB a precios de mercado.',0,NULL,0),(1622,14,'Utiliza los precios corrientes.',0,NULL,0),(1623,15,'Podemos estar seguros de que los precios han bajado.',0,NULL,0),(1624,16,'Redistribuye las rentas.',0,NULL,0),(1625,17,'La política de infraestructuras.',1,NULL,0),(1626,18,'Son externalidades negativas que hay que corregir.',1,NULL,0),(1627,19,'Los subsidios de desempleo.',0,NULL,0),(1628,20,'Depende de la renta disponible de la familia.',1,NULL,0),(1629,21,'El ciclo económico es de depresión económica.',0,NULL,0),(1630,22,'Será mayor cuando mayores sean los costes.',0,NULL,0),(1631,23,'Traslada la oferta agregada a la izquierda.',0,NULL,0),(1632,24,'Ninguna de las otras es correcta.',0,NULL,0),(1633,25,'Afecta a la oferta monetaria.',1,NULL,0),(1634,26,'No se da nunca.',0,NULL,0),(1635,27,'Cuando se ha alcanzado la producción potencial y hay peligro de inflación.',1,NULL,0),(1636,28,'Mayor es el volumen de impuestos.',0,NULL,0),(1637,29,'Aumenta la renta disponible.',0,NULL,0),(1638,30,'El gasto público es un instrumento de la política fiscal.',0,NULL,0),(1639,31,'Cuando la curva de oferta agregada es horizontal.',1,NULL,0),(1640,32,'Aumenta el efecto multiplicador.',0,NULL,0),(1641,33,'Se diferencian de las de crédito en que en ellas se retira el dinero en el momento del intercambio.',1,NULL,0),(1642,34,'Medio de pago.',0,NULL,0),(1643,35,'Ninguna es correcta.',0,NULL,0),(1644,36,'Disminuyendo los precios y aumentado la producción.',0,NULL,0),(1645,37,'Ninguna es correcta.',0,NULL,0),(1646,38,'Ni  aumenta ni disminuye.',0,NULL,0),(1647,39,'Todas las respuestas son correctas',1,NULL,0),(1648,40,'La equidad.',0,NULL,0),(1649,41,'Todas las respuestas son ciertas',1,NULL,0),(1650,42,'Si sube el Tipo de Interés, se invierte más en Bolsa',0,NULL,0),(1651,43,'No tiene ninguna relación con el PIB a precios de mercado.',0,NULL,0),(1652,44,'Es el mismo que el PIB.',0,NULL,0),(1653,45,'El desempleo de un país.',0,NULL,0),(1654,46,'Descuenta la inflación.',1,NULL,0),(1655,47,'Todas las respuestas son ciertas',1,NULL,0),(1656,48,'Todas las respuestas son ciertas',1,NULL,0),(1657,49,'Es defendida por el Estado.',0,NULL,0),(1658,50,'Redistribuye las rentas.',0,NULL,0),(1659,51,'El alumbrado de una calle.',1,NULL,0),(1660,52,'La política fiscal.',0,NULL,0),(1661,53,'Ninguna de las otras contestaciones es correcta.',1,NULL,0),(1662,54,'Felipe V',0,NULL,0),(1663,55,'1966',0,NULL,0),(1664,56,'Permiten los intercambios comerciales.',0,NULL,0),(1665,57,'Requiario, rey de los suevos.',0,NULL,0),(1666,58,'A los bereberes del Norte de África',0,NULL,0),(1667,59,'Fue envenenado y decalvado',1,NULL,0),(1668,60,'Bing Bang Theory',0,NULL,0),(1669,61,'Roderico',0,NULL,0),(1670,62,'El Gran Capitán',1,NULL,0),(1671,63,'Abderramán II',0,NULL,0),(1672,64,'Bahía Cochinos.',0,NULL,0),(1673,65,'451 d.C.',0,NULL,0),(1674,66,'Fueron invadidas por Japón durante la II Guerra Mundial.',0,NULL,0),(1675,67,'El hundimiento del acorazado Maine.',1,NULL,0),(1676,68,'En ser y no ser',0,NULL,0),(1677,69,'Sirven para definir el mundo de los sentimientos',0,NULL,0),(1678,70,'Señala la parte de lo que conocemos de las cosas',0,NULL,0),(1679,71,'Se introduce en lo espiritual',0,NULL,0),(1680,72,'El espectador y El mito de la Caverna',0,NULL,0),(1681,73,'A finales del S. IV a.C',0,NULL,0),(1682,74,'Zenón de Citio',0,NULL,0),(1683,75,'Tagaste',0,NULL,0),(1684,76,'El Simposium, Fedro y La República',1,NULL,0),(1685,77,'Fedro para explicar el conocimiento de las cosas y la Cavernas para la Koinomía',0,NULL,0),(1686,78,'No se han encontrado hasta ahora',0,NULL,0),(1687,79,'Las tres respuestas  son verdaderas',0,NULL,0),(1688,80,'Demócrito',0,NULL,0),(1689,81,'La Academia',0,NULL,0),(1690,82,'470-399 ac',1,NULL,0),(1691,83,'Demócrito',0,NULL,0),(1692,84,'Aristóteles',0,NULL,0),(1693,85,'No pensar que liberaba a los individuos del control de los mitos',0,NULL,0),(1694,86,'La filosofía',0,NULL,0),(1695,87,'Santo Tomás',0,NULL,0),(1696,88,'Estudiar',0,NULL,0),(1697,89,'Filosofía',0,NULL,0),(1698,90,'Lobo',0,NULL,0),(1699,91,'Descartes',0,NULL,0),(1700,92,'Arte',0,NULL,0),(1701,93,'Aristóteles',1,NULL,0),(1702,94,'Aristóteles',1,NULL,0),(1703,95,'Desarrollar nuevas etapas de estudio',0,NULL,0),(1704,96,'Método hermenéutico',0,NULL,0),(1705,97,'Entradas',0,NULL,0),(1706,98,'Kant',0,NULL,0),(1707,99,'Método fenomenológico',0,NULL,0),(1708,100,'Método fenomenológico',0,NULL,0),(1709,101,'Fenomenología',1,NULL,0),(1710,102,'Método fenomenológico',1,NULL,0),(1711,103,'Mercancía',0,NULL,0),(1712,104,'Psicología',0,NULL,0),(1713,105,'Método fenomenológico',0,NULL,0),(1714,106,'Karl Marx',0,NULL,0),(1715,107,'Karl Marx',0,NULL,0),(1716,108,'Sartre',0,NULL,0),(1717,109,'Método fenomenológico',0,NULL,0),(1718,110,'Karl Marx',1,NULL,0),(1719,111,'Pragmático',0,NULL,0),(1720,112,'Pragmático',0,NULL,0),(1721,113,'Método de análisis del lenguaje',1,NULL,0),(1722,114,'Estética',0,NULL,0),(1723,115,'La moral',0,NULL,0),(1724,116,'Filosofía',0,NULL,0),(1725,117,'El razonamiento o argumento',0,NULL,0),(1726,118,'Conocimiento',0,NULL,0),(1727,119,'Filosofía de la cultura',0,NULL,0),(1728,120,'Filosofía de la cultura',0,NULL,0),(1729,121,'Ninguna de las respuestas es correcta',0,NULL,0),(1730,122,'Filosofía de la cultura',0,NULL,0),(1731,123,'Silogismo',1,NULL,0),(1732,124,'Platón',0,NULL,0),(1733,125,'hermenéutico',0,NULL,0),(1734,126,'El empirismo',1,NULL,0),(1735,127,'Sentir',1,NULL,0),(1736,128,'Aristóteles',0,NULL,0),(1737,129,'El alma',0,NULL,0),(1738,130,'Mundo del cuerpo y mundo del alma',0,NULL,0),(1739,131,'Establecer las normas y usos comunes de la moral',0,NULL,0),(1740,132,'De una idea general a una cosa concreta',0,NULL,0),(1741,133,'La moral',0,NULL,0),(1742,134,'La polis nunca llegará a ser justa totalmente',0,NULL,0),(1743,135,'La oligarquía',0,NULL,0),(1744,136,'Ninguna de las respuestas es correcta.',0,NULL,0),(1745,137,'Incognoscible',0,NULL,0),(1746,138,'Solo materia y forma',0,NULL,0),(1747,139,'Una solución vaga al problema del movimiento',0,NULL,0),(1748,140,'Teológica',0,NULL,0),(1749,141,'Cuatro causas: dos intrínsecas (acto y potencia) y dos extrínsecas (material y formal)',0,NULL,0),(1750,142,'Ninguna es correcta',0,NULL,0),(1751,143,'Pensamiento, imaginación, experiencia y entendimiento',0,NULL,0),(1752,144,'Alcanzar el bien común',0,NULL,0),(1753,145,'Volitiva, sensitiva y racional',0,NULL,0),(1754,146,'Sócrates',0,NULL,0),(1755,147,'Se desarrollan con el tiempo mediante la actualización de las potencialidades',0,NULL,0),(1756,148,'El tiempo y el espacio',1,NULL,0),(1757,149,'Aristóteles',0,NULL,0),(1758,150,'Son verdaderas en todos los casos',0,NULL,0),(1759,151,'Se identifica  con la tendencia a pecar',0,NULL,0),(1760,152,'No se puede alcanzar',0,NULL,0),(1761,153,'Ninguna de las respuestas es cierta',0,NULL,0),(1762,154,'El  razonamiento, la enumeración, la síntesis y el análisis',0,NULL,0),(1763,155,'Consiste en dudar de todo lo exterior a uno mismo.',0,NULL,0),(1764,156,'Los sentidos y sensaciones nos confunden en nuestro conocimiento de la realidad.',0,NULL,0),(1765,157,'Descartes',1,NULL,0),(1766,158,'Aprendidas, innatas e individuales',0,NULL,0),(1767,159,'La misma idea innata de Dios.',1,NULL,0),(1768,160,'No existe distinción alma-cuerpo.',0,NULL,0),(1769,161,'No puede existir la libertad.',0,NULL,0),(1770,162,'La prudencia',1,NULL,0),(1771,163,'De sensación y de reflexión',1,NULL,0),(1772,164,'Nietzsche',1,NULL,0),(1773,165,'Toda impresión se relaciona con una idea',0,NULL,0),(1774,166,'Analíticos a posteriori',0,NULL,0),(1775,167,'Relación causal entre fenómenos',0,NULL,0),(1776,168,'Marx',0,NULL,0),(1777,169,'La verdad y el conocimiento',0,NULL,0),(1778,170,'Wittgenstein',0,NULL,0),(1779,171,'Hume',0,NULL,0),(1780,172,'Se encuentra en el mundo de las ideas',0,NULL,0),(1781,173,'Todos los sucesos de la realidad se repiten eternamente.',1,NULL,0),(1782,174,'Psicología',0,NULL,0),(1783,175,'La teoría de la reminiscencia no es de Platón sino de Aristóteles',0,NULL,0),(1784,176,'Dogmatismo',0,NULL,0),(1785,177,'Esmira',0,NULL,0),(1786,178,'Libertad, bondad',0,NULL,0),(1787,179,'En el S. II a.C',0,NULL,0),(1788,180,'Ninguno de estos autores',0,NULL,0),(1789,181,'1744-1811',1,NULL,0),(1790,182,'1850',0,NULL,0),(1791,183,'Ninguno de estos ilustres',0,NULL,0),(1792,184,'Alas Clarín',0,NULL,0),(1793,185,'García Lorca',1,NULL,0),(1794,186,'Casanova',0,NULL,0),(1795,187,'Ninguno de estos autores',0,NULL,0),(1796,188,'Charles Dickens',0,NULL,0),(1797,189,'Ninguno de estos autores',0,NULL,0),(1798,190,'Ninguno de estos autores',0,NULL,0),(1799,191,'Drama',0,NULL,0),(1800,192,'1836-1870',1,NULL,0),(1801,193,'Todas las respuestas son correctas',1,NULL,0),(1802,194,'A Jarifa en una orgía',0,NULL,0),(1803,195,'Inglaterra',0,NULL,0),(1804,196,'XXI',0,NULL,0),(1805,197,'El sentimentalismo y la expresión',0,NULL,0),(1806,198,'Novela',0,NULL,0),(1807,199,'El Adulterio y la libertad en el amor',0,NULL,0),(1808,200,'Ninguna de las respuestas es cierta',0,NULL,0),(1809,201,'El sí de las niñas',1,NULL,0),(1810,202,'Todas las respuestas son ciertas',1,NULL,0),(1811,203,'Del novecentismo',0,NULL,0),(1812,204,'Teatro',0,NULL,0),(1813,205,'Arte',0,NULL,0),(1814,206,'Baroja',0,NULL,0),(1815,207,'Antonio Machado',0,NULL,0),(1816,208,'Ramiro de Maeztu',0,NULL,0),(1817,209,'México',0,NULL,0),(1818,210,'De un accidente de tráfico',0,NULL,0),(1819,211,'Teatral',0,NULL,0),(1820,212,'Impresionismo',0,NULL,0),(1821,213,'Tiempo de silencio',0,NULL,0),(1822,214,'1895-1935',0,NULL,0),(1823,215,'Ramón del Valle-Inclán',0,NULL,0),(1824,216,'La religión',0,NULL,0),(1825,217,'No se dedicó a la poesía',0,NULL,0),(1826,218,'No fueron vanguardistas',0,NULL,0),(1827,219,'Ramón Gómez de la Serna',1,NULL,0),(1828,220,'La sátira',0,NULL,0),(1829,221,'Generación 27',0,NULL,0),(1830,222,'Los conservadores',0,NULL,0),(1831,223,'Historias de gente del pueblo',0,NULL,0),(1832,224,'Gabriel García Márquez',1,NULL,0),(1833,225,'El coronel no tiene quien le escriba',0,NULL,0),(1834,226,'Español',0,NULL,0),(1835,227,'Divertida',0,NULL,0),(1836,228,'Julio Cortázar',0,NULL,0),(1837,229,'Creatividad',0,NULL,0),(1838,230,'Ninguna de las respuestas es correcta',0,NULL,0),(1839,231,'Una banda musical de los años 90',0,NULL,0),(1840,232,'Los 70',0,NULL,0),(1841,233,'Todos ellos',1,NULL,0),(1842,234,'Ninguna de las respuestas es cierta',0,NULL,0),(1843,235,'Miguel Mihura',0,NULL,0),(1844,236,'Ninguno de ellos',0,NULL,0),(1845,237,'Alfonso Sastre',0,NULL,0),(1846,238,'Reducción de una palabra',0,NULL,0),(1847,239,'Es un caso especial de mezcla de composición y derivación',0,NULL,0),(1848,240,'Expresa una cualidad del sujeto',0,NULL,0),(1849,241,'Cuando hay un complemento',0,NULL,0),(1850,242,'Conjunto de palabras que tiene como núcleo un adjetivo calificativo',1,NULL,0),(1851,243,'Ninguna de las respuestas es válida',0,NULL,0),(1852,244,'Desiderativas, negativas, positivas, enunciativas, imperativas e interrogativas',0,NULL,0),(1853,245,'Presentan el contenido del enunciado con deseable o conveniente',0,NULL,0),(1854,246,'Consiste en proporcionar instrucciones para la distribución de los comentarios',0,NULL,0),(1855,247,'Son los pronombres especializados en sustituir a sustantivos',0,NULL,0),(1856,248,'Un mecanismo lingüístico que se encarga de la coherencia del texto',0,NULL,0),(1857,249,'El párrafo y los conectores',0,NULL,0),(1858,250,'Narrativo, idealista, autobiográfico, prescriptivo y argumentativo',0,NULL,0),(1859,251,'Palabras que se coinciden los referentes a través de una perífrasis',0,NULL,0),(1860,252,'Palabra que en el pasado tenían significado y significantes distintos, pero que ahora tienen un significante que se escribe igual o parecido y se pronuncia igual',1,NULL,0),(1861,253,'Es el significado objetivo de una palabra y no aparece en los diccionarios',0,NULL,0),(1862,254,'Palabras cultas',0,NULL,0),(1863,255,'Cuantitativas, cualitativas y derivadas',0,NULL,0),(1864,256,'Deductiva, inductiva, analítica y paralela',0,NULL,0),(1865,257,'Ninguna de las respuestas es correcta',0,NULL,0),(1866,258,'Narrativos',0,NULL,0),(1867,259,'Es la que centra la atención de la comunicación en el receptor',0,NULL,0),(1868,260,'Es la que centra la atención de la comunicación en el receptor',1,NULL,0),(1869,261,'Estilo, cohesión y adecuación',0,NULL,0),(1870,262,'Unidad lingüística que carece de significado',0,NULL,0),(1871,263,'Ninguna es correcta',0,NULL,0),(1872,264,'Ninguna es correcta',0,NULL,0),(1873,265,'Ninguna es correcta',0,NULL,0),(1874,266,'Ninguna es correcta',0,NULL,0),(1875,267,'Ninguna es correcta',0,NULL,0),(1876,268,'El autor-narrador cuenta una noticia de actualidad',0,NULL,0),(1877,269,'Ninguna de es correcta',0,NULL,0),(1878,270,'La inmediatez',0,NULL,0),(1879,271,'La dramática, la poesía y  la opinión',0,NULL,0),(1880,272,'Todas las respuestas son falsas',0,NULL,0),(1881,273,'Subjetividad, claridad, precisión y brevedad',0,NULL,0),(1882,274,'Son los que ofrecen un análisis objetivo sobre hechos pasados',0,NULL,0),(1883,275,'Opinativa o expresiva',0,NULL,0),(1884,276,'Entrada, subtítulo y cuerpo',0,NULL,0),(1885,277,'La crónica y la crítica',1,NULL,0),(1886,278,'El reportaje, el editorial y la crónica',0,NULL,0),(1887,279,'La entrevista, el reportaje y el editorial',0,NULL,0),(1888,280,'smoke',0,NULL,0),(1889,281,'will you be',0,NULL,0),(1890,282,'would rain',0,NULL,0),(1891,283,'had been always asking',0,NULL,0),(1892,284,'None of the options are correct.',0,NULL,0),(1893,285,'None of the options are correct.',0,NULL,0),(1894,286,'None of the options are correct.',0,NULL,0),(1895,287,'None of the options are correct.',0,NULL,0),(1896,288,'All of the options are correct.',1,NULL,0),(1897,289,'None of the options are correct.',0,NULL,0),(1898,290,'None of the options are correct.',1,NULL,0),(1899,291,'None of the options are correct.',0,NULL,0),(1900,292,'None of the options are correct.',1,NULL,0),(1901,293,'None of the options are correct.',0,NULL,0),(1902,294,'None of the options are correct.',0,NULL,0),(1903,295,'All of the responses are correct.',1,NULL,0),(1904,296,'None of the options are correct.',0,NULL,0),(1905,297,'I shall practice',0,NULL,0),(1906,298,'go',0,NULL,0),(1907,299,'Applied',0,NULL,0),(1908,300,'glance over',0,NULL,0),(1909,301,'on',1,NULL,0),(1910,302,'does your hair have been cut',0,NULL,0),(1911,303,'missed',0,NULL,0),(1912,304,'highest',1,NULL,0),(1913,305,'see',0,NULL,0),(1914,306,'with',0,NULL,0),(1915,307,'was staying',0,NULL,0),(1916,308,'earned',0,NULL,0),(1917,309,'ought to have gone',1,NULL,0),(1918,310,'where he does work',0,NULL,0),(1919,311,'strongly',0,NULL,0),(1920,312,'went',1,NULL,0),(1921,313,'rude',0,NULL,0),(1922,314,'Succeeded',0,NULL,0),(1923,315,'which',0,NULL,0),(1924,316,'was stolen',1,NULL,0),(1925,317,'got used to drinking',1,NULL,0),(1926,318,'had been win',0,NULL,0),(1927,319,'put down',0,NULL,0),(1928,320,'broke',1,NULL,0),(1929,321,'Robespierre',0,NULL,0),(1930,322,'El inventor del motor de explosión.',0,NULL,0),(1931,323,'1864',0,NULL,0),(1932,324,'Macedonia',0,NULL,0),(1933,325,'La independencia de México.',0,NULL,0),(1934,326,'La rotación de cultivos y la lente de aumento',0,NULL,0),(1935,327,'Arcos de la Frontera',0,NULL,0),(1936,328,'Diplomática de origen francés.',0,NULL,0),(1937,329,'Julio Cesar',0,NULL,0),(1938,330,'Las tropas de élite del Califato de Córdoba.',0,NULL,0),(1939,331,'Billy el Niño',0,NULL,0),(1940,332,'543',0,NULL,0),(1941,333,'España y EE.UU.',0,NULL,0),(1942,334,'El visigodo',0,NULL,0),(1943,335,'1861-1865',1,NULL,0),(1944,336,'Sófocles.',0,NULL,0),(1945,337,'El derrocamiento del presidente vietnamita Ho Chi Minh por parte de los revolucionarios comunistas.',0,NULL,0),(1946,338,'Cartaginés',0,NULL,0),(1947,339,'Comercio marítimo',1,NULL,0),(1948,340,'Gerión',0,NULL,0),(1949,341,'Centroeuropa',1,NULL,0),(1950,342,'Comunidad Valenciana',0,NULL,0),(1951,343,'Ninguna de las respuestas es correcta',0,NULL,0),(1952,344,'La monarquía de Isabel  II',0,NULL,0),(1953,345,'Ninguna de las respuestas es correcta',0,NULL,0),(1954,346,'Ninguna de las respuestas es correcta',0,NULL,0),(1955,347,'Al  clero',0,NULL,0),(1956,348,'Europa',0,NULL,0),(1957,349,'Ninguna de las respuestas es correcta',0,NULL,0),(1958,350,'Ninguna de las respuestas es correcta',0,NULL,0),(1959,351,'Hace 10 mil años',0,NULL,0),(1960,352,'El fin de la sociedad recolectora',0,NULL,0),(1961,353,'Cuando el hombre descubrió la agricultura',0,NULL,0),(1962,354,'Las Cortes eran bicamerales',0,NULL,0),(1963,355,'1902',1,NULL,0),(1964,356,'Málaga',0,NULL,0),(1965,357,'1945',0,NULL,0),(1966,358,'Estanislao Figueras',0,NULL,0),(1967,359,'722',1,NULL,0),(1968,360,'En Tarragona',0,NULL,0),(1969,361,'Siglo XIII',1,NULL,0),(1970,362,'Gallegos',0,NULL,0),(1971,363,'Carlos II',0,NULL,0),(1972,364,'La figura del maestro',0,NULL,0),(1973,365,'1492',1,NULL,0),(1974,366,'1360',0,NULL,0),(1975,367,'Edad Contemporánea',0,NULL,0),(1976,368,'1492',1,NULL,0),(1977,369,'La figura del maestro',0,NULL,0),(1978,370,'Con la conquista de Granada',1,NULL,0),(1979,371,'Toledo',1,NULL,0),(1980,372,'Valencia y Cataluña',0,NULL,0),(1981,373,'La diversidad territorial',1,NULL,0),(1982,374,'Siglo XII',0,NULL,0),(1983,375,'La batalla de Huesca',0,NULL,0),(1984,376,'Mozárabes',0,NULL,0),(1985,377,'Ministerio de gobierno',0,NULL,0),(1986,378,'Código de las Américas',0,NULL,0),(1987,379,'Burgos',0,NULL,0),(1988,380,'Al Reino de Portugal',0,NULL,0),(1989,381,'En el sur de Sevilla',0,NULL,0),(1990,382,'Importante escultor de Al-Andalus',0,NULL,0),(1991,383,'Alfonso XII y María Isabel de Borbón',0,NULL,0),(1992,384,'Alejandro IV',0,NULL,0),(1993,385,'Zamora',0,NULL,0),(1994,386,'1803',0,NULL,0),(1995,387,'32 años',0,NULL,0),(1996,388,'La muerte de su marido Francisco de Asís',0,NULL,0),(1997,389,'1898 – 1923',0,NULL,0),(1998,390,'1923 – 1973',0,NULL,0),(1999,391,'Revolución de 1868',1,NULL,0),(2000,392,'España recuperó Puerto Rico y las Islas Filipinas',0,NULL,0),(2001,393,'La energía hidráulica',0,NULL,0),(2002,394,'Militar que dirigió un Golpe de Estado en España',0,NULL,0),(2003,395,'Ninguna de las respuestas es correcta',0,NULL,0),(2004,396,'Ninguna es correcta',0,NULL,0),(2005,397,'Alemania',0,NULL,0),(2006,398,'Ninguna de las respuestas es correcta',0,NULL,0),(2007,399,'Las leyes internas',0,NULL,0),(2008,400,'Ninguna de las respuestas es correcta',0,NULL,0),(2009,401,'Ninguna de las respuestas es correcta',0,NULL,0),(2010,402,'J.M. Keynes',0,NULL,0),(2011,403,'Comercio',0,NULL,0),(2012,404,'España',0,NULL,0),(2013,405,'Un código secreto',0,NULL,0),(2014,406,'Fernando VI',0,NULL,0),(2015,407,'La guerra de los cien años',0,NULL,0),(2016,408,'Unas campañas militares impulsadas por el papado',1,NULL,0),(2017,409,'Ninguna de las respuestas es correcta',0,NULL,0),(2018,410,'1530',0,NULL,0),(2019,411,'Carlos IV',0,NULL,0),(2020,412,'1823',0,NULL,0),(2021,413,'No llegó a producirse tal modificación',0,NULL,0),(2022,414,'El gobierno no tomó ninguna medida con respecto a Navarra',0,NULL,0),(2023,415,'Mantiene los sistemas forales',0,NULL,0),(2024,416,'Los Borbones anularon el régimen foral navarro',0,NULL,0),(2025,417,'En neocatólicos y radicales',0,NULL,0),(2026,418,'Ninguna es correcta',0,NULL,0),(2027,419,'Ninguna es correcta',0,NULL,0),(2028,420,'Ninguna de las respuestas es correcta',0,NULL,0),(2029,421,'La monarquía de Isabel II',0,NULL,0),(2030,422,'22-mayo-822',0,NULL,0),(2031,423,'Huida de Don Pelayo en la Invasión Árabe a Asturias',0,NULL,0),(2032,424,'Primer presidente de Al-Ándalus',0,NULL,0),(2033,425,'Napoleón derrocará Suecia',0,NULL,0),(2034,426,'26-junio-1212',0,NULL,0),(2035,427,'1792 – 1794',0,NULL,0),(2036,428,'A  la Constitución de 1812',1,NULL,0),(2037,429,'Milicia Nacional, Estado Laico, Libertad de Expresión,',0,NULL,0),(2038,430,'22 de mayo de 1936',0,NULL,0),(2039,431,'1',0,NULL,0),(2040,432,'3-enero-1874',0,NULL,0),(2041,433,'1883 – 1990',0,NULL,0),(2042,434,'1936 – 1943',0,NULL,0),(2043,435,'Don Pelayo',1,NULL,0),(2044,436,'Galicia',0,NULL,0),(2045,437,'No se puede establecer relación entre sus precios y los de otras clases de mercados.',0,NULL,0),(2046,438,'En el número de productos vendidos.',0,NULL,0),(2047,439,'No tiene ningún problema.',1,NULL,0),(2048,440,'Tendrá una elasticidad precio de la demanda muy reducida.',0,NULL,0),(2049,441,'Producen una reducción de la demanda de los transportes por carretera.',0,NULL,0),(2050,442,'Se altera la tecnología empleada en la producción de automóviles.',0,NULL,0),(2051,443,'Aumenta la cantidad vendida.',0,NULL,0),(2052,444,'Que suban los precios y bajen las cantidades perdidas.',1,NULL,0),(2053,445,'Disminuye el precio y aumenta la cantidad de equilibrio.',0,NULL,0),(2054,446,'Ninguna de las respuestas es correcta.',0,NULL,0),(2055,447,'Un incremento de los precios y un descenso de la producción en el sector de la restauración.',1,NULL,0),(2056,448,'Ninguna de las respuestas es correcta.',0,NULL,0),(2057,449,'Su oferta se va a incrementar.',0,NULL,0),(2058,450,'Al reducirse los precios de uno se incrementa la oferta del otro.',0,NULL,0),(2059,451,'La curva de demanda se desplazará a la izquierda.',1,NULL,0),(2060,452,'De lujo.',0,NULL,0),(2061,453,'Disminuyen los abrigos vendidos pero su precio se incrementa.',0,NULL,0),(2062,454,'De la cantidad de factores utilizados para producir.',0,NULL,0),(2063,455,'Alarga la curva de costes.',0,NULL,0),(2064,456,'La empresa comienza su proceso productivo.',0,NULL,0),(2065,457,'No se pueden comparar a las que se dan en el interior de los países.',0,NULL,0),(2066,458,'Se darán unos costes variables mayores.',0,NULL,0),(2067,459,'Se mantiene constante.',0,NULL,0),(2068,460,'Los costes marginales son siempre crecientes.',0,NULL,0),(2069,461,'No dependen de la evolución de la producción total.',0,NULL,0),(2070,462,'Al punto en el que se maximiza la producción media.',0,NULL,0),(2071,463,'La diferencia entre ingresos y costes totales sea máxima.',1,NULL,0),(2072,464,'Es primero creciente y luego decreciente.',1,NULL,0),(2073,465,'Modificará la longitud de la función de producción.',0,NULL,0),(2074,466,'Es un supuesto que utilizamos para construir los modelos económicos',1,NULL,0),(2075,467,'Dónde, cuándo y para quién producir.',0,NULL,0),(2076,468,'Sus sistemas de producción respetuosos con el medio ambiente.',0,NULL,0),(2077,469,'Una asignación de recursos ineficiente.',0,NULL,0),(2078,470,'Una mejora tecnológica.',1,NULL,0),(2079,471,'Capital, porque es un bien de producción.',1,NULL,0),(2080,472,'Ninguna de las respuestas es correcta.',0,NULL,0),(2081,473,'Ninguna de las respuestas es correcta.',0,NULL,0),(2082,474,'No aprobaré ninguna  de ellas',0,NULL,0),(2083,475,'Tenemos muchos recursos para satisfacer muchas necesidades.',0,NULL,0),(2084,476,'Son bienes escasos.',1,NULL,0),(2085,477,'Son las empresas.',0,NULL,0),(2086,478,'La elección.',1,NULL,0),(2087,479,'Dependen de la época en la que uno viva.',0,NULL,0),(2088,480,'Es un término fácil de calcular en términos monetarios.',0,NULL,0),(2089,481,'Es un mercado común con una unión monetaria en alguno de los países miembros.',1,NULL,0),(2090,482,'Existe un arancel común para todos los productos de terceros países.',0,NULL,0),(2091,483,'La política de defensa de la competencia.',0,NULL,0),(2092,484,'Es lo mismo que el desarrollo humano.',0,NULL,0),(2093,485,'Tienen en la OMC la principal institución que lucha contra ellas.',0,NULL,0),(2094,486,'El Fondo Monetario Internacional.',0,NULL,0),(2095,487,'Atrae inversión internacional.',1,NULL,0),(2096,488,'Baja productividad.',0,NULL,0),(2097,489,'many',0,NULL,0),(2098,490,'that work',0,NULL,0),(2099,491,'owed',0,NULL,0),(2100,492,'back',0,NULL,0),(2101,493,'cost',0,NULL,0),(2102,494,'None of the options are correct.',0,NULL,0),(2103,495,'None of the options are correct.',0,NULL,0),(2104,496,'None of the options are correct.',0,NULL,0),(2105,497,'None of the options are correct.',0,NULL,0),(2106,498,'to hear',0,NULL,0),(2107,499,'should',0,NULL,0),(2108,500,'ought',0,NULL,0),(2109,501,'about',1,NULL,0),(2110,502,'hit',0,NULL,0),(2111,503,'line',0,NULL,0),(2112,504,'broadcasts',0,NULL,0),(2113,505,'affords',0,NULL,0),(2114,506,'meet',0,NULL,0),(2115,507,'owe',1,NULL,0),(2116,508,'do you do',0,NULL,0),(2117,509,'used to live',1,NULL,0),(2118,510,'had driven',0,NULL,0),(2119,511,'a little',1,NULL,0),(2120,512,'to have told',0,NULL,0),(2121,513,'wouldn’t',0,NULL,0),(2122,514,'the library is.',1,NULL,0),(2123,515,'do',1,NULL,0),(2124,516,'let us',0,NULL,0),(2125,517,'isn’t',0,NULL,0),(2126,518,'so',1,NULL,0),(2127,519,'than',1,NULL,0),(2128,520,'good',0,NULL,0),(2129,521,'so',0,NULL,0),(2130,522,'requires',0,NULL,0),(2131,523,'with',0,NULL,0),(2132,524,'on',1,NULL,0),(2133,525,'he would',1,NULL,0),(2134,526,'those',0,NULL,0),(2135,527,'to move me',0,NULL,0),(2136,528,'for she gets',0,NULL,0),(2137,529,'finding',1,NULL,0),(2138,530,'look',0,NULL,0),(2139,531,'practical',0,NULL,0),(2140,532,'made',0,NULL,0),(2141,533,'up',1,NULL,0),(2142,534,'one',0,NULL,0),(2143,535,'in',0,NULL,0),(2144,536,'away',1,NULL,0),(2153,539,'Nueva Ámsterdam',1,NULL,0),(2154,539,'La gran manzana',0,NULL,0),(2155,539,'Empire State',0,NULL,0),(2156,539,'Gotham',0,NULL,0),(2157,540,'Italia',0,NULL,0),(2158,540,'Grecia',1,NULL,0),(2159,540,'Japón',0,NULL,0),(2160,540,'Francia',0,NULL,0);
/*!40000 ALTER TABLE `respuestas` ENABLE KEYS */;
UNLOCK TABLES;

--
-- Table structure for table `tests`
--

DROP TABLE IF EXISTS `tests`;
/*!40101 SET @saved_cs_client     = @@character_set_client */;
/*!40101 SET character_set_client = utf8 */;
CREATE TABLE `tests` (
  `id` int(11) NOT NULL AUTO_INCREMENT,
  `usuario_id` int(11) DEFAULT NULL,
  `fecha` date NOT NULL,
  `hora_inicio` time DEFAULT NULL,
  `hora_fin` time DEFAULT NULL,
  `general` tinyint(1) DEFAULT 1,
  `numero_preguntas` int(11) DEFAULT NULL,
  `categoria` char(3) DEFAULT NULL,
  `puntos` float DEFAULT NULL,
  PRIMARY KEY (`id`),
  KEY `fk_test_usuario` (`usuario_id`),
  KEY `fk_test_categoria` (`categoria`),
  CONSTRAINT `fk_test_categoria` FOREIGN KEY (`categoria`) REFERENCES `categorias` (`codigo`) ON DELETE SET NULL ON UPDATE CASCADE,
  CONSTRAINT `test_usuarios_FK` FOREIGN KEY (`usuario_id`) REFERENCES `usuarios` (`id`)
) ENGINE=InnoDB DEFAULT CHARSET=utf8;
/*!40101 SET character_set_client = @saved_cs_client */;

--
-- Dumping data for table `tests`
--

LOCK TABLES `tests` WRITE;
/*!40000 ALTER TABLE `tests` DISABLE KEYS */;
/*!40000 ALTER TABLE `tests` ENABLE KEYS */;
UNLOCK TABLES;

--
-- Table structure for table `usuarios`
--

DROP TABLE IF EXISTS `usuarios`;
/*!40101 SET @saved_cs_client     = @@character_set_client */;
/*!40101 SET character_set_client = utf8 */;
CREATE TABLE `usuarios` (
  `id` int(11) NOT NULL AUTO_INCREMENT,
  `usuario` varchar(15) NOT NULL,
  `password` varchar(32) NOT NULL,
  `nombre` varchar(15) NOT NULL,
  `apellidos` varchar(30) NOT NULL,
  `fecha_nacimiento` date DEFAULT NULL,
  `num_accesos` int(11) DEFAULT 0,
  `test_realizados` int(11) DEFAULT 0,
  `puntuacion_media` float DEFAULT 0,
  PRIMARY KEY (`id`),
  UNIQUE KEY `uk_usuario` (`usuario`)
) ENGINE=InnoDB AUTO_INCREMENT=6 DEFAULT CHARSET=utf8;
/*!40101 SET character_set_client = @saved_cs_client */;

--
-- Dumping data for table `usuarios`
--

LOCK TABLES `usuarios` WRITE;
/*!40000 ALTER TABLE `usuarios` DISABLE KEYS */;
/*!40000 ALTER TABLE `usuarios` ENABLE KEYS */;
UNLOCK TABLES;

--
-- Dumping routines for database 'preguntastest'
--
/*!40103 SET TIME_ZONE=@OLD_TIME_ZONE */;

/*!40101 SET SQL_MODE=@OLD_SQL_MODE */;
/*!40014 SET FOREIGN_KEY_CHECKS=@OLD_FOREIGN_KEY_CHECKS */;
/*!40014 SET UNIQUE_CHECKS=@OLD_UNIQUE_CHECKS */;
/*!40101 SET CHARACTER_SET_CLIENT=@OLD_CHARACTER_SET_CLIENT */;
/*!40101 SET CHARACTER_SET_RESULTS=@OLD_CHARACTER_SET_RESULTS */;
/*!40101 SET COLLATION_CONNECTION=@OLD_COLLATION_CONNECTION */;
/*!40111 SET SQL_NOTES=@OLD_SQL_NOTES */;

-- Dump completed on 2021-12-20 17:01:31
